Date,Cement_Price,Steel_Price,Brick_Price,Sand_Price,Days_Since_Start
2019-01-01,297.33,50166.35,6.5,789.9,0
2019-01-02,300.66,49728.61,6.37,794.65,1
2019-01-03,298.09,48655.59,6.45,829.16,2
2019-01-04,299.3,49789.7,6.21,820.9,3
2019-01-05,302.8,51345.81,6.58,794.82,4
2019-01-06,304.0,48641.85,6.43,801.22,5
2019-01-07,299.05,50004.99,6.67,804.9,6
2019-01-08,302.03,50167.54,6.63,821.87,7
2019-01-09,303.76,50571.86,6.46,794.51,8
2019-01-10,299.19,50344.02,6.48,782.16,9
2019-01-11,301.45,49804.45,6.7,798.09,10
2019-01-12,302.46,51085.75,6.4,814.55,11
2019-01-13,297.71,50972.14,6.39,798.4,12
2019-01-14,299.45,50087.54,6.5,796.26,13
2019-01-15,299.8,51625.32,6.6,815.77,14
2019-01-16,297.28,49830.36,6.57,789.79,15
2019-01-17,301.3,50764.23,6.69,807.12,16
2019-01-18,296.57,49421.64,6.63,780.84,17
2019-01-19,298.12,51686.74,6.52,813.94,18
2019-01-20,302.41,50577.33,6.34,792.28,19
2019-01-21,300.86,50845.68,6.5,815.59,20
2019-01-22,305.6,50371.49,6.56,792.76,21
2019-01-23,300.14,49303.83,6.49,804.21,22
2019-01-24,300.58,49944.87,6.54,790.65,23
2019-01-25,301.77,49711.12,6.62,793.36,24
2019-01-26,304.6,49711.32,6.57,810.31,25
2019-01-27,303.24,51529.19,6.51,792.45,26
2019-01-28,301.76,49757.23,6.64,803.82,27
2019-01-29,305.28,49354.98,6.49,813.71,28
2019-01-30,306.34,49771.2,6.5,820.67,29
2019-01-31,307.91,49462.88,6.52,799.64,30
2019-02-01,302.45,51311.2,6.46,797.3,31
2019-02-02,298.18,49675.73,6.51,808.65,32
2019-02-03,300.28,51310.85,6.65,817.7,33
2019-02-04,303.78,51815.71,6.65,800.34,34
2019-02-05,300.78,51871.12,6.7,822.76,35
2019-02-06,303.37,50769.07,6.57,793.92,36
2019-02-07,304.94,50452.86,6.8,811.06,37
2019-02-08,303.35,51260.6,6.39,818.9,38
2019-02-09,302.93,50764.48,6.78,799.15,39
2019-02-10,306.94,50015.64,6.42,806.25,40
2019-02-11,303.3,49434.83,6.44,793.94,41
2019-02-12,300.05,50911.3,6.52,816.43,42
2019-02-13,305.32,49346.36,6.63,815.16,43
2019-02-14,306.56,49436.94,6.48,817.49,44
2019-02-15,300.81,51398.75,6.74,796.89,45
2019-02-16,305.11,50341.46,6.57,810.82,46
2019-02-17,305.44,50599.88,6.54,824.71,47
2019-02-18,304.98,48837.45,6.56,845.72,48
2019-02-19,302.95,51229.61,6.51,790.55,49
2019-02-20,309.9,50494.99,6.52,789.71,50
2019-02-21,305.91,51337.76,6.44,798.81,51
2019-02-22,305.71,50600.54,6.56,803.0,52
2019-02-23,306.77,51483.05,6.58,830.33,53
2019-02-24,299.52,50695.25,6.64,819.88,54
2019-02-25,305.78,50105.13,6.69,821.25,55
2019-02-26,305.93,49933.57,6.68,799.82,56
2019-02-27,303.6,50819.92,6.42,809.79,57
2019-02-28,307.3,50411.09,6.7,812.27,58
2019-03-01,302.69,49942.08,6.65,800.23,59
2019-03-02,306.11,49537.6,6.36,854.06,60
2019-03-03,312.68,49228.73,6.66,812.12,61
2019-03-04,306.41,50090.07,6.53,805.37,62
2019-03-05,308.63,49102.76,6.6,801.88,63
2019-03-06,308.83,50369.28,6.73,813.95,64
2019-03-07,302.52,50627.94,6.45,807.84,65
2019-03-08,309.98,51602.55,6.62,813.59,66
2019-03-09,308.82,49981.9,6.49,816.7,67
2019-03-10,311.69,51007.09,6.49,822.27,68
2019-03-11,306.95,50949.89,6.58,830.46,69
2019-03-12,305.3,51872.42,6.58,827.62,70
2019-03-13,311.39,52011.33,6.47,826.52,71
2019-03-14,308.84,50856.66,6.75,805.3,72
2019-03-15,303.3,49479.75,6.58,814.66,73
2019-03-16,306.52,51422.26,6.64,798.42,74
2019-03-17,307.36,51044.58,6.68,803.33,75
2019-03-18,311.52,52034.6,6.57,822.49,76
2019-03-19,310.86,51349.83,6.66,831.4,77
2019-03-20,309.99,49805.65,6.68,829.43,78
2019-03-21,310.51,50957.71,6.82,820.64,79
2019-03-22,309.55,50515.96,6.71,825.83,80
2019-03-23,307.06,49744.16,6.83,832.83,81
2019-03-24,302.81,50572.97,6.58,826.7,82
2019-03-25,308.26,50517.67,6.67,799.91,83
2019-03-26,308.75,51282.51,6.56,806.1,84
2019-03-27,311.41,51176.52,6.73,775.05,85
2019-03-28,307.6,49419.5,6.63,807.68,86
2019-03-29,305.36,50174.98,6.67,816.83,87
2019-03-30,314.66,50324.41,6.67,854.02,88
2019-03-31,312.87,51060.77,6.71,815.64,89
2019-04-01,309.18,51405.53,6.51,803.99,90
2019-04-02,312.07,49910.02,6.81,840.31,91
2019-04-03,310.94,50276.52,6.52,835.21,92
2019-04-04,305.54,49559.38,6.74,791.29,93
2019-04-05,305.43,50224.47,6.82,823.73,94
2019-04-06,306.45,51203.21,6.84,817.33,95
2019-04-07,308.42,50357.2,6.63,811.63,96
2019-04-08,310.99,49751.58,6.71,790.75,97
2019-04-09,306.14,49780.87,6.89,817.5,98
2019-04-10,309.28,50345.04,6.62,819.59,99
2019-04-11,311.38,51158.02,6.57,841.65,100
2019-04-12,315.72,50029.83,6.44,810.91,101
2019-04-13,316.29,50864.82,6.83,812.38,102
2019-04-14,315.34,50148.73,6.83,818.83,103
2019-04-15,311.32,51663.1,6.54,812.21,104
2019-04-16,307.7,50720.34,6.68,813.75,105
2019-04-17,313.08,51690.87,6.69,837.07,106
2019-04-18,308.68,50264.91,6.53,818.03,107
2019-04-19,312.65,50748.1,6.61,812.91,108
2019-04-20,310.74,49729.79,6.77,814.88,109
2019-04-21,310.32,50550.9,6.67,812.74,110
2019-04-22,314.86,49661.64,6.62,832.01,111
2019-04-23,309.12,52128.72,6.79,825.99,112
2019-04-24,311.89,51592.14,6.79,804.29,113
2019-04-25,314.26,50024.48,6.81,827.7,114
2019-04-26,313.21,50592.33,6.51,813.21,115
2019-04-27,317.17,49552.88,6.75,821.7,116
2019-04-28,306.43,50681.29,6.58,810.49,117
2019-04-29,308.6,50610.11,6.68,829.16,118
2019-04-30,312.39,50494.85,6.74,787.28,119
2019-05-01,308.22,50522.48,6.77,817.61,120
2019-05-02,311.0,51576.96,6.63,833.79,121
2019-05-03,308.69,51617.38,6.65,798.72,122
2019-05-04,314.36,51099.06,6.68,814.85,123
2019-05-05,310.51,50410.71,6.69,827.47,124
2019-05-06,309.71,52427.19,6.66,834.72,125
2019-05-07,313.95,51026.59,6.77,830.56,126
2019-05-08,313.67,50184.05,6.71,814.22,127
2019-05-09,310.52,51504.25,6.64,812.22,128
2019-05-10,317.06,50700.94,6.81,818.38,129
2019-05-11,321.33,52031.56,6.55,802.84,130
2019-05-12,314.87,50391.15,6.76,844.56,131
2019-05-13,315.03,50043.59,6.77,850.81,132
2019-05-14,311.48,50878.78,7.0,814.33,133
2019-05-15,313.34,51760.19,6.86,860.44,134
2019-05-16,309.38,49702.11,6.83,838.5,135
2019-05-17,313.12,51099.99,6.8,817.16,136
2019-05-18,310.31,50350.4,6.67,819.56,137
2019-05-19,314.23,51052.03,6.76,801.98,138
2019-05-20,316.82,50352.0,6.73,807.34,139
2019-05-21,315.49,51634.0,6.57,841.73,140
2019-05-22,315.92,50587.68,6.73,837.9,141
2019-05-23,317.39,52472.14,6.71,819.85,142
2019-05-24,316.98,51344.06,6.77,838.37,143
2019-05-25,314.85,51265.89,6.58,818.43,144
2019-05-26,318.16,50428.88,6.65,838.55,145
2019-05-27,313.18,50554.19,6.92,834.98,146
2019-05-28,313.12,51411.27,6.58,835.32,147
2019-05-29,310.67,51102.93,6.67,809.99,148
2019-05-30,310.32,51320.0,6.75,824.1,149
2019-05-31,312.95,50400.93,6.79,812.3,150
2019-06-01,314.29,50760.99,6.8,826.0,151
2019-06-02,312.7,51266.12,6.69,830.79,152
2019-06-03,315.2,51313.22,6.81,809.48,153
2019-06-04,320.62,50580.66,6.73,840.23,154
2019-06-05,319.12,51742.89,6.56,849.02,155
2019-06-06,313.26,50137.08,6.62,821.5,156
2019-06-07,312.32,52072.12,6.71,858.37,157
2019-06-08,317.82,50851.04,6.73,823.58,158
2019-06-09,318.56,51471.45,6.75,828.29,159
2019-06-10,316.07,51686.22,6.69,850.63,160
2019-06-11,317.84,50476.74,6.76,835.2,161
2019-06-12,315.22,51541.98,6.58,845.18,162
2019-06-13,316.57,51285.87,6.76,814.78,163
2019-06-14,310.34,51272.22,6.83,832.61,164
2019-06-15,319.56,51052.11,6.82,808.54,165
2019-06-16,312.89,50172.84,6.78,847.49,166
2019-06-17,318.44,50692.21,6.95,803.52,167
2019-06-18,322.33,51600.13,6.66,822.51,168
2019-06-19,316.83,50243.74,6.67,823.04,169
2019-06-20,318.49,52488.01,6.66,843.77,170
2019-06-21,318.62,51856.99,6.68,851.51,171
2019-06-22,313.08,51406.15,6.79,802.63,172
2019-06-23,314.59,51715.67,6.8,826.89,173
2019-06-24,318.72,50499.3,6.93,836.32,174
2019-06-25,311.66,51012.38,6.79,829.77,175
2019-06-26,313.97,50920.92,6.77,831.53,176
2019-06-27,318.45,50953.7,6.69,857.09,177
2019-06-28,314.71,50568.22,6.73,794.04,178
2019-06-29,319.73,52140.69,6.78,854.24,179
2019-06-30,313.13,50307.35,6.61,838.09,180
2019-07-01,315.79,51035.85,6.86,851.01,181
2019-07-02,315.68,51111.04,6.82,817.47,182
2019-07-03,316.29,50798.65,6.85,825.48,183
2019-07-04,321.15,49933.37,6.76,846.33,184
2019-07-05,319.02,52646.32,6.84,844.99,185
2019-07-06,322.94,51661.56,6.64,833.9,186
2019-07-07,316.77,50269.86,6.66,826.72,187
2019-07-08,321.59,51520.91,6.88,846.5,188
2019-07-09,317.8,51608.74,6.7,839.25,189
2019-07-10,322.83,50521.6,6.78,835.89,190
2019-07-11,320.37,50423.47,6.74,844.36,191
2019-07-12,321.75,50192.81,6.85,814.33,192
2019-07-13,319.35,51474.4,6.77,831.66,193
2019-07-14,321.08,52370.82,6.65,849.67,194
2019-07-15,315.52,51283.27,6.78,857.75,195
2019-07-16,320.62,50783.94,6.69,806.61,196
2019-07-17,317.86,52411.79,6.9,840.35,197
2019-07-18,312.74,51892.15,6.68,815.25,198
2019-07-19,311.99,52597.73,6.77,837.75,199
2019-07-20,321.19,51836.61,6.7,852.68,200
2019-07-21,315.78,51490.69,6.77,824.0,201
2019-07-22,321.78,52129.35,6.81,783.58,202
2019-07-23,321.66,51850.93,6.85,850.24,203
2019-07-24,318.43,51473.8,6.74,849.93,204
2019-07-25,322.38,50973.94,6.83,863.71,205
2019-07-26,320.61,50635.13,6.95,847.56,206
2019-07-27,325.28,52110.25,6.9,844.45,207
2019-07-28,320.45,53327.3,6.69,863.42,208
2019-07-29,319.26,50899.35,6.76,841.31,209
2019-07-30,324.96,52983.33,6.81,849.29,210
2019-07-31,318.79,52060.62,6.75,833.15,211
2019-08-01,322.14,52866.22,6.74,865.29,212
2019-08-02,324.16,51210.5,7.02,830.93,213
2019-08-03,321.49,51426.53,6.94,829.87,214
2019-08-04,319.62,52467.88,6.83,838.53,215
2019-08-05,317.15,51818.22,6.89,843.43,216
2019-08-06,316.89,50422.5,6.99,826.19,217
2019-08-07,320.08,51701.98,6.76,863.08,218
2019-08-08,321.41,52017.72,6.89,857.69,219
2019-08-09,322.88,51076.16,6.9,843.08,220
2019-08-10,319.29,51010.56,7.0,830.34,221
2019-08-11,321.76,52000.4,6.7,836.76,222
2019-08-12,324.29,51752.58,6.85,822.21,223
2019-08-13,322.81,51667.46,6.76,854.74,224
2019-08-14,321.22,51767.73,6.66,854.34,225
2019-08-15,324.36,52621.94,6.88,846.54,226
2019-08-16,326.01,53114.58,6.74,832.99,227
2019-08-17,321.03,50712.88,6.83,850.02,228
2019-08-18,318.91,51788.99,6.88,850.6,229
2019-08-19,323.08,52224.04,6.86,839.41,230
2019-08-20,327.88,52343.39,6.7,814.47,231
2019-08-21,324.12,50847.75,6.78,842.69,232
2019-08-22,323.54,51317.59,6.7,826.51,233
2019-08-23,325.38,51413.69,6.7,869.23,234
2019-08-24,322.91,51769.43,6.63,869.87,235
2019-08-25,320.48,51969.26,6.91,859.12,236
2019-08-26,324.48,51051.6,6.83,843.66,237
2019-08-27,323.08,51994.7,6.99,840.23,238
2019-08-28,327.53,51267.42,7.01,858.83,239
2019-08-29,320.93,51744.07,6.98,848.18,240
2019-08-30,318.54,52371.24,7.13,830.28,241
2019-08-31,318.67,52405.6,6.78,833.87,242
2019-09-01,322.0,50821.8,6.8,845.66,243
2019-09-02,326.04,52764.31,6.94,859.87,244
2019-09-03,323.04,51956.82,6.95,855.59,245
2019-09-04,327.22,52230.7,6.79,839.69,246
2019-09-05,323.96,52334.85,6.87,855.53,247
2019-09-06,324.73,51507.9,6.85,858.66,248
2019-09-07,329.88,50454.43,6.92,867.29,249
2019-09-08,326.29,52128.84,6.93,883.62,250
2019-09-09,322.03,52233.67,7.04,864.81,251
2019-09-10,327.25,52819.3,6.79,842.68,252
2019-09-11,321.93,52088.21,6.96,843.19,253
2019-09-12,326.0,51795.54,6.86,830.97,254
2019-09-13,325.31,51589.34,6.73,827.94,255
2019-09-14,330.96,51803.72,6.97,860.64,256
2019-09-15,325.47,52509.75,6.97,848.07,257
2019-09-16,327.85,52377.72,6.8,854.41,258
2019-09-17,324.94,52437.13,6.89,869.45,259
2019-09-18,327.41,52016.25,6.97,853.17,260
2019-09-19,322.32,51404.41,6.87,838.32,261
2019-09-20,324.25,52416.34,6.95,854.33,262
2019-09-21,328.19,52154.94,6.78,864.74,263
2019-09-22,331.52,52863.06,6.72,818.32,264
2019-09-23,324.61,51626.81,6.83,852.48,265
2019-09-24,325.0,51574.27,6.94,841.38,266
2019-09-25,320.11,50891.74,6.88,848.36,267
2019-09-26,328.58,51969.53,6.88,862.67,268
2019-09-27,327.55,53190.07,6.88,868.24,269
2019-09-28,321.94,50971.92,6.89,852.06,270
2019-09-29,329.34,52046.1,7.01,859.4,271
2019-09-30,328.28,52899.71,7.04,852.11,272
2019-10-01,329.75,52346.84,6.89,841.1,273
2019-10-02,331.9,52366.95,7.01,826.48,274
2019-10-03,328.52,51783.05,7.02,861.18,275
2019-10-04,320.59,51227.97,7.07,847.59,276
2019-10-05,325.61,51136.69,7.03,855.95,277
2019-10-06,327.7,52329.95,7.11,839.39,278
2019-10-07,328.45,51693.88,6.96,862.64,279
2019-10-08,327.2,53422.6,6.77,867.48,280
2019-10-09,325.28,52860.54,6.92,832.31,281
2019-10-10,326.4,51759.16,6.88,854.07,282
2019-10-11,329.88,50976.47,6.96,874.38,283
2019-10-12,325.72,52623.08,7.02,840.08,284
2019-10-13,327.69,52376.42,6.95,860.3,285
2019-10-14,329.38,52014.91,6.96,844.53,286
2019-10-15,325.93,51173.38,6.97,859.61,287
2019-10-16,331.71,51927.12,6.87,852.91,288
2019-10-17,334.07,52043.24,7.06,852.8,289
2019-10-18,325.92,51851.1,6.96,847.43,290
2019-10-19,329.31,50962.55,6.82,873.37,291
2019-10-20,330.84,52669.53,7.05,842.64,292
2019-10-21,329.14,53418.97,6.95,850.26,293
2019-10-22,325.65,52203.32,6.87,860.45,294
2019-10-23,328.61,52420.92,6.91,854.59,295
2019-10-24,326.39,52857.54,6.92,842.47,296
2019-10-25,326.97,52325.64,6.99,881.79,297
2019-10-26,331.11,51524.57,6.94,830.33,298
2019-10-27,331.02,52625.74,6.96,839.29,299
2019-10-28,333.97,51999.47,7.03,870.52,300
2019-10-29,332.27,53209.22,7.02,841.78,301
2019-10-30,330.47,52914.67,6.96,851.25,302
2019-10-31,327.78,53390.42,7.04,877.38,303
2019-11-01,328.06,52519.6,6.83,883.6,304
2019-11-02,329.91,53367.73,6.85,868.25,305
2019-11-03,331.13,52856.24,7.0,861.65,306
2019-11-04,326.81,52306.66,6.94,849.42,307
2019-11-05,326.7,50733.31,7.01,874.2,308
2019-11-06,330.48,50109.52,6.86,854.22,309
2019-11-07,328.6,53359.96,6.96,845.0,310
2019-11-08,335.74,51904.25,6.84,888.33,311
2019-11-09,333.7,52053.8,6.81,843.23,312
2019-11-10,326.65,52085.92,6.96,859.34,313
2019-11-11,330.88,51161.47,7.06,872.53,314
2019-11-12,330.78,51865.4,7.22,867.34,315
2019-11-13,331.86,52769.12,6.91,858.08,316
2019-11-14,330.57,51672.16,6.94,860.38,317
2019-11-15,337.82,53140.51,6.97,869.23,318
2019-11-16,336.75,52594.48,6.91,844.95,319
2019-11-17,336.37,50427.8,6.92,859.83,320
2019-11-18,334.15,53328.34,6.84,874.0,321
2019-11-19,335.94,52267.58,6.96,857.79,322
2019-11-20,329.4,51404.59,7.13,857.91,323
2019-11-21,338.89,52085.04,6.95,863.19,324
2019-11-22,332.3,51544.95,6.77,874.9,325
2019-11-23,330.86,51533.19,6.89,867.3,326
2019-11-24,330.75,51540.74,7.09,890.3,327
2019-11-25,330.91,52249.01,6.92,875.83,328
2019-11-26,333.65,52974.47,6.96,854.0,329
2019-11-27,331.21,53247.89,6.88,889.55,330
2019-11-28,328.17,51655.09,7.11,887.73,331
2019-11-29,334.34,52017.15,6.82,841.91,332
2019-11-30,330.93,52230.46,7.33,856.82,333
2019-12-01,333.65,52620.99,6.9,893.81,334
2019-12-02,334.88,52543.11,7.08,877.88,335
2019-12-03,334.95,53329.21,7.1,857.62,336
2019-12-04,333.07,53002.98,6.98,850.62,337
2019-12-05,330.47,52183.8,7.07,898.81,338
2019-12-06,341.43,53281.19,7.09,875.48,339
2019-12-07,334.93,51086.92,7.09,858.32,340
2019-12-08,332.08,51957.84,7.0,869.86,341
2019-12-09,334.66,52223.06,6.97,870.46,342
2019-12-10,334.24,51825.55,6.97,874.68,343
2019-12-11,335.95,52213.88,7.03,863.07,344
2019-12-12,332.32,52596.31,6.98,885.32,345
2019-12-13,342.68,53190.72,7.02,868.34,346
2019-12-14,338.7,53313.26,7.06,893.01,347
2019-12-15,328.84,52373.59,7.01,848.92,348
2019-12-16,330.83,52399.33,6.97,870.53,349
2019-12-17,332.7,52337.18,6.97,860.31,350
2019-12-18,336.65,51530.31,6.95,858.95,351
2019-12-19,331.05,51289.27,6.96,863.93,352
2019-12-20,335.77,52857.65,6.88,875.79,353
2019-12-21,336.51,52563.87,7.03,892.57,354
2019-12-22,332.24,52331.5,7.28,911.39,355
2019-12-23,331.62,51672.16,6.97,871.57,356
2019-12-24,336.36,51436.18,7.04,881.32,357
2019-12-25,337.58,53143.91,6.99,891.21,358
2019-12-26,339.56,51991.49,6.9,886.26,359
2019-12-27,329.62,53028.62,7.03,869.28,360
2019-12-28,336.2,53809.34,7.17,841.85,361
2019-12-29,330.88,53140.0,6.97,875.84,362
2019-12-30,340.59,52382.45,7.1,891.67,363
2019-12-31,339.11,52705.2,7.07,862.89,364
2020-01-01,338.8,53491.2,7.23,875.18,365
2020-01-02,333.92,52475.26,7.03,850.77,366
2020-01-03,337.12,53900.13,7.22,859.11,367
2020-01-04,339.8,53332.73,7.05,887.17,368
2020-01-05,338.7,53015.52,7.07,851.21,369
2020-01-06,340.46,53289.15,7.03,832.95,370
2020-01-07,339.44,52495.68,6.9,861.8,371
2020-01-08,334.43,52473.02,7.23,883.69,372
2020-01-09,332.34,52333.05,6.94,877.17,373
2020-01-10,334.82,53728.26,6.95,862.79,374
2020-01-11,339.07,53123.99,6.89,835.88,375
2020-01-12,333.38,53346.16,7.07,888.4,376
2020-01-13,337.36,52674.42,7.11,874.0,377
2020-01-14,335.93,53026.78,7.16,856.32,378
2020-01-15,340.84,53635.67,7.01,848.45,379
2020-01-16,336.68,52829.46,7.04,890.52,380
2020-01-17,335.79,52376.57,7.05,876.99,381
2020-01-18,338.97,52803.28,6.93,893.87,382
2020-01-19,341.59,51234.77,7.09,847.96,383
2020-01-20,336.61,53293.17,7.26,889.81,384
2020-01-21,337.74,53840.62,7.07,863.62,385
2020-01-22,341.48,53587.09,7.16,883.35,386
2020-01-23,332.28,51834.42,7.11,889.06,387
2020-01-24,338.13,51194.64,7.09,877.87,388
2020-01-25,340.4,53173.38,6.88,892.37,389
2020-01-26,340.88,52663.31,6.94,864.52,390
2020-01-27,341.45,51898.12,6.83,879.65,391
2020-01-28,340.1,52619.22,7.24,864.95,392
2020-01-29,340.67,52335.91,6.97,896.33,393
2020-01-30,339.69,52318.39,7.08,871.58,394
2020-01-31,338.95,53176.93,6.91,877.52,395
2020-02-01,342.14,52556.21,7.15,890.38,396
2020-02-02,335.82,52735.51,6.95,874.6,397
2020-02-03,335.96,54791.02,7.07,882.83,398
2020-02-04,335.14,54436.99,7.1,867.52,399
2020-02-05,344.94,53399.88,7.23,868.36,400
2020-02-06,337.13,52330.6,7.07,896.27,401
2020-02-07,338.09,53030.77,6.94,862.44,402
2020-02-08,345.56,51499.46,7.25,881.17,403
2020-02-09,337.56,54500.87,6.95,854.13,404
2020-02-10,338.06,52758.15,6.96,856.64,405
2020-02-11,339.87,52972.04,7.11,897.18,406
2020-02-12,337.38,53549.73,7.1,862.47,407
2020-02-13,341.4,53474.29,7.23,904.92,408
2020-02-14,340.02,51632.97,7.04,892.83,409
2020-02-15,343.4,53776.6,7.04,901.62,410
2020-02-16,340.51,52882.6,7.09,897.64,411
2020-02-17,340.55,52611.41,7.11,880.97,412
2020-02-18,339.09,51967.51,7.21,869.47,413
2020-02-19,337.72,52986.7,7.2,856.4,414
2020-02-20,342.76,52846.21,7.07,895.7,415
2020-02-21,342.32,52761.97,7.05,878.66,416
2020-02-22,340.18,52261.5,7.11,868.8,417
2020-02-23,341.06,52648.35,7.17,888.92,418
2020-02-24,339.84,53711.83,7.07,891.58,419
2020-02-25,349.98,54559.5,7.16,895.85,420
2020-02-26,342.24,52267.09,7.13,880.92,421
2020-02-27,344.47,53560.73,6.99,888.6,422
2020-02-28,334.9,53389.89,6.96,861.16,423
2020-02-29,346.7,53838.66,7.05,872.04,424
2020-03-01,347.56,52997.37,7.19,909.41,425
2020-03-02,334.99,53388.05,7.31,902.1,426
2020-03-03,340.0,52783.14,7.08,900.46,427
2020-03-04,341.91,52048.61,7.24,909.7,428
2020-03-05,342.68,52433.63,7.25,887.27,429
2020-03-06,343.25,53691.65,7.09,891.68,430
2020-03-07,349.37,52391.63,7.2,896.21,431
2020-03-08,342.13,52630.69,7.06,868.54,432
2020-03-09,339.14,52363.48,7.2,885.34,433
2020-03-10,345.5,53586.75,7.3,881.23,434
2020-03-11,345.33,51961.2,7.37,914.38,435
2020-03-12,339.18,53185.42,7.1,909.5,436
2020-03-13,346.63,53972.32,7.18,886.01,437
2020-03-14,344.98,54702.79,7.19,884.79,438
2020-03-15,344.37,52953.56,7.12,919.91,439
2020-03-16,345.79,52782.44,7.16,866.96,440
2020-03-17,337.12,54498.56,7.08,902.28,441
2020-03-18,350.38,53658.98,7.27,902.54,442
2020-03-19,341.28,52797.63,7.0,898.92,443
2020-03-20,348.74,52516.4,7.33,895.16,444
2020-03-21,347.51,53696.91,7.01,892.39,445
2020-03-22,342.31,52150.67,7.24,889.68,446
2020-03-23,344.47,53618.36,7.15,883.86,447
2020-03-24,350.48,54047.81,7.18,879.4,448
2020-03-25,343.79,53224.41,6.97,866.33,449
2020-03-26,343.41,52856.55,7.13,888.39,450
2020-03-27,343.57,52518.11,7.35,877.84,451
2020-03-28,345.98,52584.95,7.3,887.02,452
2020-03-29,341.98,51915.33,7.18,867.86,453
2020-03-30,347.98,53993.2,7.04,897.46,454
2020-03-31,346.26,53196.34,7.11,906.69,455
2020-04-01,345.59,53096.27,7.15,892.41,456
2020-04-02,344.0,53594.93,7.16,875.79,457
2020-04-03,345.92,53991.7,7.14,897.89,458
2020-04-04,344.99,54022.35,7.2,888.49,459
2020-04-05,341.47,53426.66,7.29,889.34,460
2020-04-06,342.65,53784.66,7.25,907.04,461
2020-04-07,344.72,53923.37,7.1,900.07,462
2020-04-08,351.04,52927.7,7.12,902.5,463
2020-04-09,345.83,54037.83,7.11,887.46,464
2020-04-10,347.71,53238.92,7.16,909.38,465
2020-04-11,346.48,54231.93,7.12,903.12,466
2020-04-12,344.63,53941.56,7.23,897.58,467
2020-04-13,346.3,52254.55,7.33,875.02,468
2020-04-14,344.84,53014.75,7.15,886.69,469
2020-04-15,347.93,54489.9,7.13,901.18,470
2020-04-16,347.96,54649.3,7.03,875.58,471
2020-04-17,350.3,52513.05,7.16,890.61,472
2020-04-18,344.8,52445.37,7.04,943.87,473
2020-04-19,347.74,52791.58,7.26,878.42,474
2020-04-20,341.82,52636.94,7.11,908.49,475
2020-04-21,345.92,54346.73,7.31,905.43,476
2020-04-22,346.12,54061.2,7.17,874.86,477
2020-04-23,349.21,53512.97,7.21,897.23,478
2020-04-24,348.8,53602.48,7.26,899.59,479
2020-04-25,345.72,52908.23,7.11,894.38,480
2020-04-26,350.04,53239.49,7.25,914.46,481
2020-04-27,350.32,53111.16,7.08,905.78,482
2020-04-28,347.85,53656.92,7.03,885.17,483
2020-04-29,348.39,54619.5,7.23,900.08,484
2020-04-30,350.89,53943.43,7.19,882.42,485
2020-05-01,349.63,53957.5,7.37,881.51,486
2020-05-02,339.58,53467.23,7.15,898.09,487
2020-05-03,345.62,52011.03,7.19,916.6,488
2020-05-04,353.16,53736.77,7.12,905.89,489
2020-05-05,352.79,54273.28,7.27,909.64,490
2020-05-06,351.02,52758.69,7.33,920.3,491
2020-05-07,349.71,53523.63,7.26,870.9,492
2020-05-08,346.3,52834.77,7.18,900.54,493
2020-05-09,349.15,53045.53,7.11,889.42,494
2020-05-10,350.03,53344.24,7.39,896.1,495
2020-05-11,355.66,54591.47,7.33,875.56,496
2020-05-12,347.46,53974.99,7.17,910.57,497
2020-05-13,345.2,52895.54,7.3,866.42,498
2020-05-14,348.82,53880.51,7.2,891.56,499
2020-05-15,348.18,54890.96,7.42,868.59,500
2020-05-16,349.63,53016.82,7.22,893.62,501
2020-05-17,355.93,53605.67,7.17,913.94,502
2020-05-18,349.32,53931.37,7.37,900.94,503
2020-05-19,345.85,53243.92,7.44,892.48,504
2020-05-20,348.73,54939.29,7.35,887.46,505
2020-05-21,352.29,54800.16,7.5,889.96,506
2020-05-22,352.18,54883.44,7.19,886.99,507
2020-05-23,345.64,53886.11,7.14,878.84,508
2020-05-24,352.32,54541.35,7.32,911.38,509
2020-05-25,350.55,54643.25,7.29,918.49,510
2020-05-26,345.41,54025.42,7.24,913.03,511
2020-05-27,348.6,54167.81,7.47,910.08,512
2020-05-28,346.66,53769.65,7.23,876.73,513
2020-05-29,355.02,53191.12,7.18,876.99,514
2020-05-30,350.2,54091.93,7.29,905.89,515
2020-05-31,350.03,52989.51,7.21,893.8,516
2020-06-01,350.35,54522.18,7.17,928.55,517
2020-06-02,355.37,55346.42,7.46,910.18,518
2020-06-03,351.94,54654.0,7.35,881.94,519
2020-06-04,352.86,53365.32,7.29,911.14,520
2020-06-05,357.91,53101.1,7.09,903.06,521
2020-06-06,356.9,54176.78,7.49,928.46,522
2020-06-07,349.91,53734.28,7.17,915.83,523
2020-06-08,356.99,52032.35,7.31,919.34,524
2020-06-09,355.4,52244.95,7.34,924.19,525
2020-06-10,348.38,53977.98,7.27,891.06,526
2020-06-11,352.5,54781.39,7.33,885.92,527
2020-06-12,345.09,53968.63,7.29,898.58,528
2020-06-13,351.17,53106.47,7.22,930.38,529
2020-06-14,353.64,52423.34,7.35,897.85,530
2020-06-15,351.22,55095.46,7.3,876.38,531
2020-06-16,356.56,54779.65,7.43,903.58,532
2020-06-17,349.37,54239.74,7.27,894.05,533
2020-06-18,352.39,53063.9,7.25,907.87,534
2020-06-19,350.15,54449.85,7.25,907.45,535
2020-06-20,356.59,54050.86,7.24,944.55,536
2020-06-21,362.3,52790.6,7.23,932.01,537
2020-06-22,351.78,55321.2,7.31,916.19,538
2020-06-23,351.22,52875.29,7.34,921.27,539
2020-06-24,352.53,53582.74,7.37,910.27,540
2020-06-25,359.41,55196.18,7.42,915.55,541
2020-06-26,359.69,52418.81,7.22,915.45,542
2020-06-27,357.1,52362.26,7.23,933.3,543
2020-06-28,351.73,54398.14,7.34,893.2,544
2020-06-29,357.41,54703.34,7.47,887.74,545
2020-06-30,354.19,54667.81,7.36,927.22,546
2020-07-01,353.27,53536.1,7.31,925.76,547
2020-07-02,355.77,53764.54,7.28,895.63,548
2020-07-03,353.72,53886.82,7.4,932.52,549
2020-07-04,354.03,54651.81,7.2,934.05,550
2020-07-05,354.1,53672.93,7.22,917.65,551
2020-07-06,350.91,55285.32,7.37,871.84,552
2020-07-07,355.46,52778.46,7.29,919.6,553
2020-07-08,355.06,55017.1,7.29,894.65,554
2020-07-09,355.91,55065.82,7.23,910.91,555
2020-07-10,352.78,53335.64,7.33,908.73,556
2020-07-11,354.03,52323.56,7.41,918.0,557
2020-07-12,356.24,54544.8,7.26,910.71,558
2020-07-13,354.19,54676.67,7.27,902.14,559
2020-07-14,358.97,54198.61,7.32,907.99,560
2020-07-15,357.55,53987.87,7.27,901.46,561
2020-07-16,354.19,54441.95,7.29,882.9,562
2020-07-17,361.75,53618.61,7.33,909.92,563
2020-07-18,354.15,53989.85,7.18,930.36,564
2020-07-19,353.93,54411.14,7.35,896.78,565
2020-07-20,357.84,54223.3,7.37,915.75,566
2020-07-21,364.41,54468.4,7.23,914.26,567
2020-07-22,359.8,55279.39,7.24,925.63,568
2020-07-23,357.56,54197.33,7.42,918.65,569
2020-07-24,359.07,54295.81,7.25,930.64,570
2020-07-25,355.45,54410.53,7.47,921.17,571
2020-07-26,353.27,54145.47,7.51,907.77,572
2020-07-27,353.94,54565.97,7.44,905.26,573
2020-07-28,364.17,54348.77,7.35,917.53,574
2020-07-29,363.8,54555.03,7.48,908.96,575
2020-07-30,351.96,54844.32,7.29,916.97,576
2020-07-31,358.25,53408.22,7.35,890.0,577
2020-08-01,353.17,55540.41,7.21,899.63,578
2020-08-02,357.44,55004.07,7.43,924.14,579
2020-08-03,358.24,55078.4,7.47,915.51,580
2020-08-04,359.57,54467.84,7.37,906.08,581
2020-08-05,358.99,54269.71,7.31,923.33,582
2020-08-06,359.44,54550.03,7.46,906.1,583
2020-08-07,361.69,53334.66,7.34,897.18,584
2020-08-08,360.26,52907.78,7.42,932.88,585
2020-08-09,359.81,53595.44,7.26,917.35,586
2020-08-10,357.98,53807.83,7.32,917.72,587
2020-08-11,354.94,54116.17,7.48,942.32,588
2020-08-12,362.76,53132.45,7.48,933.78,589
2020-08-13,361.96,54666.31,7.36,946.07,590
2020-08-14,360.47,53262.58,7.44,901.56,591
2020-08-15,361.95,54759.54,7.53,915.24,592
2020-08-16,360.82,54813.31,7.5,913.9,593
2020-08-17,359.27,54925.29,7.46,930.94,594
2020-08-18,358.5,52820.3,7.48,906.97,595
2020-08-19,362.74,54202.54,7.38,956.66,596
2020-08-20,362.9,53639.67,7.43,931.27,597
2020-08-21,361.99,55263.02,7.46,921.76,598
2020-08-22,357.52,54781.38,7.36,905.44,599
2020-08-23,362.45,54549.72,7.3,914.24,600
2020-08-24,365.12,55518.04,7.43,907.22,601
2020-08-25,355.7,54550.09,7.54,941.25,602
2020-08-26,359.51,54743.41,7.41,902.55,603
2020-08-27,355.19,53114.29,7.48,902.36,604
2020-08-28,357.73,54448.47,7.35,926.46,605
2020-08-29,359.05,54060.97,7.56,932.24,606
2020-08-30,358.68,55349.23,7.22,903.84,607
2020-08-31,365.32,53697.9,7.44,880.23,608
2020-09-01,363.96,55560.54,7.54,927.28,609
2020-09-02,360.75,54054.56,7.26,940.77,610
2020-09-03,358.89,53577.73,7.49,908.51,611
2020-09-04,354.05,54468.24,7.48,920.17,612
2020-09-05,361.25,54359.48,7.44,961.3,613
2020-09-06,364.2,53747.96,7.28,911.32,614
2020-09-07,362.06,54460.13,7.34,952.03,615
2020-09-08,368.44,55671.33,7.46,930.31,616
2020-09-09,359.05,56740.96,7.49,917.39,617
2020-09-10,358.18,54473.45,7.44,958.07,618
2020-09-11,363.17,54343.89,7.54,910.34,619
2020-09-12,363.26,54947.88,7.41,913.48,620
2020-09-13,358.56,54692.47,7.44,911.55,621
2020-09-14,358.04,54736.67,7.5,904.02,622
2020-09-15,360.24,55209.14,7.47,954.57,623
2020-09-16,355.49,53378.68,7.38,906.93,624
2020-09-17,358.57,54736.7,7.52,928.71,625
2020-09-18,363.02,55318.98,7.38,943.28,626
2020-09-19,367.53,54113.99,7.44,927.26,627
2020-09-20,366.06,53291.7,7.44,956.95,628
2020-09-21,356.98,55099.51,7.59,938.52,629
2020-09-22,362.67,54713.5,7.42,901.7,630
2020-09-23,362.18,54556.43,7.3,896.08,631
2020-09-24,361.66,54366.76,7.44,942.79,632
2020-09-25,359.87,54463.35,7.46,916.49,633
2020-09-26,359.13,54762.48,7.43,907.34,634
2020-09-27,365.33,54054.79,7.25,919.22,635
2020-09-28,360.55,55244.8,7.33,904.39,636
2020-09-29,365.47,55913.54,7.47,922.21,637
2020-09-30,362.91,54042.32,7.47,932.56,638
2020-10-01,364.97,55153.31,7.34,907.11,639
2020-10-02,361.46,53761.9,7.38,914.19,640
2020-10-03,361.83,53686.16,7.41,928.71,641
2020-10-04,367.02,55097.85,7.39,915.57,642
2020-10-05,368.78,55976.2,7.44,928.91,643
2020-10-06,367.13,55446.51,7.51,942.29,644
2020-10-07,366.51,54571.81,7.45,903.28,645
2020-10-08,366.92,55085.42,7.64,938.65,646
2020-10-09,362.6,54817.09,7.44,908.05,647
2020-10-10,366.23,55341.49,7.47,937.39,648
2020-10-11,365.0,56694.2,7.48,926.4,649
2020-10-12,357.16,53847.8,7.52,933.31,650
2020-10-13,366.51,56109.56,7.32,933.28,651
2020-10-14,361.8,56247.16,7.47,965.14,652
2020-10-15,368.3,54414.16,7.46,935.46,653
2020-10-16,367.96,55049.01,7.4,903.22,654
2020-10-17,363.92,54841.5,7.48,920.65,655
2020-10-18,364.74,53852.35,7.46,918.93,656
2020-10-19,366.72,55369.55,7.53,940.63,657
2020-10-20,365.35,54906.02,7.45,894.51,658
2020-10-21,364.24,54736.01,7.64,951.31,659
2020-10-22,363.11,56126.99,7.53,938.54,660
2020-10-23,367.55,55916.76,7.37,960.29,661
2020-10-24,369.57,55897.99,7.51,936.76,662
2020-10-25,362.73,54826.55,7.48,926.01,663
2020-10-26,362.45,53518.41,7.62,940.44,664
2020-10-27,367.15,54346.36,7.62,939.74,665
2020-10-28,361.2,54000.81,7.51,933.99,666
2020-10-29,366.67,56126.64,7.45,935.72,667
2020-10-30,364.35,54349.95,7.52,943.95,668
2020-10-31,365.23,55808.86,7.62,933.67,669
2020-11-01,362.99,55405.57,7.39,932.28,670
2020-11-02,365.09,56272.46,7.44,926.28,671
2020-11-03,367.84,55918.68,7.58,907.87,672
2020-11-04,371.28,53861.96,7.66,907.24,673
2020-11-05,367.24,55405.43,7.5,934.28,674
2020-11-06,366.16,54717.35,7.69,941.48,675
2020-11-07,370.47,55872.42,7.41,912.18,676
2020-11-08,369.23,55154.34,7.69,934.36,677
2020-11-09,361.07,55243.35,7.45,927.09,678
2020-11-10,368.57,55739.05,7.6,950.3,679
2020-11-11,370.75,54381.66,7.5,932.7,680
2020-11-12,366.09,53664.92,7.54,949.34,681
2020-11-13,369.91,53444.85,7.27,960.6,682
2020-11-14,371.54,54145.47,7.57,914.41,683
2020-11-15,371.36,55253.0,7.45,951.77,684
2020-11-16,372.05,54727.64,7.52,924.76,685
2020-11-17,367.39,56427.61,7.74,938.51,686
2020-11-18,371.03,55295.94,7.37,969.32,687
2020-11-19,364.47,55139.19,7.65,915.72,688
2020-11-20,370.81,54930.1,7.71,919.13,689
2020-11-21,365.05,55401.16,7.51,920.53,690
2020-11-22,377.67,54811.21,7.64,941.54,691
2020-11-23,364.52,55103.02,7.46,960.3,692
2020-11-24,369.21,55983.0,7.52,966.63,693
2020-11-25,374.91,55588.12,7.47,958.83,694
2020-11-26,369.32,53523.5,7.51,962.12,695
2020-11-27,372.64,55643.09,7.63,954.22,696
2020-11-28,372.61,55348.58,7.44,951.57,697
2020-11-29,368.57,54116.06,7.57,924.9,698
2020-11-30,370.27,55008.55,7.56,940.61,699
2020-12-01,371.9,55335.6,7.42,955.6,700
2020-12-02,371.06,54095.27,7.53,934.41,701
2020-12-03,364.27,55698.78,7.52,929.04,702
2020-12-04,369.56,56405.95,7.68,925.04,703
2020-12-05,366.55,55515.29,7.57,951.85,704
2020-12-06,369.12,55644.41,7.41,955.79,705
2020-12-07,375.44,55792.88,7.46,954.92,706
2020-12-08,368.04,55184.32,7.5,938.62,707
2020-12-09,368.25,53612.01,7.62,913.47,708
2020-12-10,376.98,55983.86,7.47,937.36,709
2020-12-11,372.87,55509.0,7.52,955.39,710
2020-12-12,375.84,55622.59,7.56,940.67,711
2020-12-13,370.64,56938.72,7.69,912.83,712
2020-12-14,371.05,55166.11,7.39,930.76,713
2020-12-15,371.98,55487.87,7.69,918.41,714
2020-12-16,370.49,57058.19,7.57,955.24,715
2020-12-17,374.65,55950.68,7.43,944.45,716
2020-12-18,374.69,54287.89,7.75,959.52,717
2020-12-19,371.22,54668.88,7.5,913.69,718
2020-12-20,373.27,55506.78,7.52,934.13,719
2020-12-21,371.17,55745.16,7.56,946.94,720
2020-12-22,376.04,55775.26,7.49,956.82,721
2020-12-23,377.04,54319.91,7.58,929.73,722
2020-12-24,370.07,54646.95,7.64,960.6,723
2020-12-25,372.48,56119.19,7.5,927.81,724
2020-12-26,373.55,54686.39,7.56,963.9,725
2020-12-27,368.34,55439.63,7.51,934.71,726
2020-12-28,372.36,53954.54,7.59,947.06,727
2020-12-29,369.13,55864.06,7.64,957.19,728
2020-12-30,373.34,54507.54,7.61,954.23,729
2020-12-31,375.84,56468.4,7.71,938.63,730
2021-01-01,368.69,54255.05,7.66,956.61,731
2021-01-02,375.5,55359.73,7.4,958.71,732
2021-01-03,372.41,55473.64,7.69,974.9,733
2021-01-04,374.72,55535.06,7.65,959.59,734
2021-01-05,376.1,54732.29,7.67,934.84,735
2021-01-06,372.94,56212.68,7.64,948.54,736
2021-01-07,371.9,55157.73,7.51,939.75,737
2021-01-08,373.52,57470.75,7.73,939.3,738
2021-01-09,371.55,54839.07,7.54,951.96,739
2021-01-10,378.47,54645.84,7.36,946.31,740
2021-01-11,374.56,55642.95,7.77,957.88,741
2021-01-12,367.98,55621.42,7.64,982.36,742
2021-01-13,374.12,57654.79,7.45,947.92,743
2021-01-14,378.13,54603.2,7.55,931.33,744
2021-01-15,380.62,54993.71,7.34,948.2,745
2021-01-16,369.94,54044.96,7.55,953.88,746
2021-01-17,380.19,56561.34,7.53,939.01,747
2021-01-18,375.13,55668.28,7.83,954.34,748
2021-01-19,374.09,54262.61,7.68,962.65,749
2021-01-20,368.69,56441.27,7.67,963.55,750
2021-01-21,374.65,56538.06,7.6,935.67,751
2021-01-22,374.05,55821.33,7.77,959.58,752
2021-01-23,378.19,57139.86,7.61,933.5,753
2021-01-24,377.19,55114.98,7.45,967.29,754
2021-01-25,372.21,54453.54,7.58,954.77,755
2021-01-26,371.76,56363.55,7.62,978.58,756
2021-01-27,378.43,55549.72,7.82,958.38,757
2021-01-28,380.12,55989.53,7.52,938.5,758
2021-01-29,371.61,55977.59,7.61,940.67,759
2021-01-30,373.19,56248.25,7.75,986.97,760
2021-01-31,375.71,56697.15,7.83,960.33,761
2021-02-01,377.45,56705.13,7.73,924.61,762
2021-02-02,380.43,55689.96,7.56,966.47,763
2021-02-03,378.56,55724.41,7.66,958.02,764
2021-02-04,374.56,55857.51,7.52,953.68,765
2021-02-05,377.64,57653.08,7.58,974.88,766
2021-02-06,382.2,56606.98,7.81,947.28,767
2021-02-07,381.87,56844.31,7.64,961.49,768
2021-02-08,375.77,54296.16,7.78,915.03,769
2021-02-09,376.89,54853.6,7.64,957.92,770
2021-02-10,377.35,56084.11,7.59,966.75,771
2021-02-11,376.58,56180.21,7.67,963.76,772
2021-02-12,383.27,55744.04,7.64,969.62,773
2021-02-13,376.82,55628.59,7.54,953.93,774
2021-02-14,373.29,55005.62,7.77,946.47,775
2021-02-15,385.43,55849.27,7.77,955.02,776
2021-02-16,371.94,54895.24,7.61,956.23,777
2021-02-17,379.94,56108.08,7.64,957.02,778
2021-02-18,380.74,55540.39,7.55,972.07,779
2021-02-19,376.8,55477.22,7.74,952.92,780
2021-02-20,381.38,56914.87,7.75,954.51,781
2021-02-21,378.39,55384.29,7.56,952.0,782
2021-02-22,383.19,56300.19,7.59,964.09,783
2021-02-23,377.58,56239.32,7.7,929.12,784
2021-02-24,377.08,54380.58,7.69,951.68,785
2021-02-25,381.23,56548.96,7.48,962.79,786
2021-02-26,378.98,55567.68,7.65,972.77,787
2021-02-27,380.03,55937.17,7.53,960.21,788
2021-02-28,384.49,55237.56,7.66,954.07,789
2021-03-01,380.04,55662.22,7.8,992.79,790
2021-03-02,376.67,55465.98,7.6,972.56,791
2021-03-03,382.33,55429.43,7.41,968.86,792
2021-03-04,380.34,55623.71,7.85,951.13,793
2021-03-05,384.23,56304.22,7.75,958.15,794
2021-03-06,379.68,57070.73,7.68,956.46,795
2021-03-07,384.08,55654.53,7.65,946.21,796
2021-03-08,379.02,55482.53,7.71,941.92,797
2021-03-09,377.62,56150.13,7.73,953.54,798
2021-03-10,379.5,56934.25,7.62,973.6,799
2021-03-11,378.19,56566.85,7.89,956.17,800
2021-03-12,381.77,56488.32,7.75,981.28,801
2021-03-13,382.65,54382.99,7.7,973.52,802
2021-03-14,383.35,57039.97,7.97,983.71,803
2021-03-15,386.25,55424.46,7.91,968.59,804
2021-03-16,380.3,55713.23,7.69,925.61,805
2021-03-17,382.74,55715.16,7.63,978.54,806
2021-03-18,384.48,55820.71,7.76,982.43,807
2021-03-19,380.22,56698.14,7.82,980.29,808
2021-03-20,383.86,55643.46,7.62,963.95,809
2021-03-21,380.56,55715.89,7.65,944.63,810
2021-03-22,378.01,55260.92,7.52,958.76,811
2021-03-23,378.82,56136.98,7.85,983.87,812
2021-03-24,379.6,56058.67,7.84,938.11,813
2021-03-25,379.95,55134.32,7.7,949.17,814
2021-03-26,380.85,57043.27,7.72,947.61,815
2021-03-27,384.34,55828.56,7.76,970.97,816
2021-03-28,385.5,57117.16,7.7,960.48,817
2021-03-29,385.45,55924.66,7.88,938.84,818
2021-03-30,385.0,57845.4,7.59,954.22,819
2021-03-31,384.28,56562.38,7.62,961.84,820
2021-04-01,381.61,57019.27,7.68,941.61,821
2021-04-02,379.12,55923.79,7.8,962.25,822
2021-04-03,376.74,54843.93,7.54,945.9,823
2021-04-04,384.66,56382.91,7.7,945.73,824
2021-04-05,386.31,56589.45,7.91,943.65,825
2021-04-06,380.81,57232.92,7.59,938.2,826
2021-04-07,387.36,56806.25,7.64,957.1,827
2021-04-08,379.49,56064.43,7.74,976.1,828
2021-04-09,377.14,55378.98,7.85,976.06,829
2021-04-10,380.77,56710.29,7.67,973.83,830
2021-04-11,384.64,55584.51,7.81,974.56,831
2021-04-12,386.28,55836.9,7.71,995.81,832
2021-04-13,384.09,56309.56,7.66,979.77,833
2021-04-14,386.59,55867.39,7.78,964.35,834
2021-04-15,383.62,57654.85,7.67,945.14,835
2021-04-16,386.03,56083.4,7.86,962.62,836
2021-04-17,381.98,57353.65,7.61,957.57,837
2021-04-18,381.47,57419.15,7.77,946.5,838
2021-04-19,384.07,56751.5,7.73,968.98,839
2021-04-20,380.82,56421.2,7.79,984.25,840
2021-04-21,387.63,56455.62,7.77,954.02,841
2021-04-22,386.79,56117.62,7.8,979.96,842
2021-04-23,388.23,57225.25,7.64,972.34,843
2021-04-24,385.87,56224.41,7.62,975.12,844
2021-04-25,380.6,56556.54,7.74,972.79,845
2021-04-26,384.89,56385.55,7.78,941.47,846
2021-04-27,385.09,55656.54,7.69,986.32,847
2021-04-28,383.29,56329.5,7.75,987.02,848
2021-04-29,384.94,57867.76,7.7,975.91,849
2021-04-30,388.32,57368.66,7.73,990.1,850
2021-05-01,382.25,56358.16,7.82,976.72,851
2021-05-02,382.57,56878.46,7.8,984.4,852
2021-05-03,388.14,55944.77,7.67,960.04,853
2021-05-04,381.43,56425.87,7.74,987.67,854
2021-05-05,386.05,57927.27,7.88,1006.26,855
2021-05-06,389.23,56476.55,7.88,953.65,856
2021-05-07,379.57,57531.12,7.52,964.78,857
2021-05-08,384.04,55664.4,7.91,957.79,858
2021-05-09,383.56,55909.16,7.7,965.06,859
2021-05-10,389.26,56577.01,7.91,975.78,860
2021-05-11,384.3,57167.54,7.8,964.11,861
2021-05-12,387.84,55785.25,7.77,969.85,862
2021-05-13,379.13,56846.0,7.74,988.87,863
2021-05-14,387.45,57794.17,7.91,959.11,864
2021-05-15,387.18,57165.94,8.02,973.6,865
2021-05-16,390.84,56093.83,7.74,988.08,866
2021-05-17,389.92,56186.0,7.65,968.4,867
2021-05-18,387.02,57023.08,7.8,970.01,868
2021-05-19,386.53,56103.44,7.81,956.58,869
2021-05-20,386.65,57428.15,7.7,991.49,870
2021-05-21,389.07,57087.37,7.81,987.83,871
2021-05-22,389.01,57713.63,7.94,975.25,872
2021-05-23,388.47,55355.73,7.76,953.11,873
2021-05-24,386.66,55798.4,7.78,977.76,874
2021-05-25,389.6,55812.79,7.92,961.61,875
2021-05-26,390.32,57516.05,7.83,969.76,876
2021-05-27,385.25,57030.07,7.78,984.13,877
2021-05-28,389.8,55983.76,7.83,976.52,878
2021-05-29,389.12,57913.97,7.78,959.98,879
2021-05-30,387.36,56384.93,7.73,996.07,880
2021-05-31,390.09,55929.85,7.58,980.64,881
2021-06-01,391.18,55243.3,7.86,989.33,882
2021-06-02,387.55,56496.46,7.89,970.64,883
2021-06-03,381.7,55932.93,7.86,954.63,884
2021-06-04,386.57,57185.77,7.88,944.71,885
2021-06-05,386.2,56104.01,7.8,988.51,886
2021-06-06,388.79,56939.0,7.67,979.73,887
2021-06-07,394.42,55923.87,7.85,981.62,888
2021-06-08,394.68,57951.38,7.8,938.85,889
2021-06-09,389.62,56346.15,7.65,989.38,890
2021-06-10,388.05,55400.56,8.01,980.33,891
2021-06-11,391.98,55268.37,7.88,976.84,892
2021-06-12,393.25,56664.8,7.86,959.57,893
2021-06-13,386.99,56433.67,7.93,973.64,894
2021-06-14,393.31,56063.38,7.85,975.9,895
2021-06-15,393.52,57523.54,8.1,964.76,896
2021-06-16,388.02,55779.6,7.85,989.06,897
2021-06-17,388.71,57162.41,7.94,982.0,898
2021-06-18,387.24,56124.98,7.68,974.56,899
2021-06-19,389.75,55884.82,7.72,997.45,900
2021-06-20,387.16,56410.78,7.87,956.96,901
2021-06-21,393.06,56617.82,7.77,1006.13,902
2021-06-22,393.6,56555.8,8.05,960.29,903
2021-06-23,391.53,57875.75,7.82,955.99,904
2021-06-24,390.34,56318.16,7.93,981.24,905
2021-06-25,393.13,56672.77,7.8,1015.15,906
2021-06-26,384.67,56366.21,7.89,991.74,907
2021-06-27,391.3,56941.91,7.91,970.3,908
2021-06-28,389.42,55899.46,7.79,951.22,909
2021-06-29,385.35,56307.83,7.96,1000.85,910
2021-06-30,392.58,55019.85,7.82,963.9,911
2021-07-01,385.59,56990.61,7.77,972.99,912
2021-07-02,392.1,56905.3,7.81,970.92,913
2021-07-03,391.67,56150.69,7.71,975.58,914
2021-07-04,389.67,56913.7,7.84,990.47,915
2021-07-05,384.84,55090.75,8.12,992.64,916
2021-07-06,390.43,56793.74,7.93,998.42,917
2021-07-07,389.2,57541.09,7.91,986.51,918
2021-07-08,392.13,56352.48,7.79,944.89,919
2021-07-09,391.74,55921.33,7.81,1013.1,920
2021-07-10,393.93,56968.7,7.69,999.17,921
2021-07-11,390.66,57992.92,7.92,993.89,922
2021-07-12,392.97,56294.01,7.97,952.86,923
2021-07-13,393.76,57034.52,7.93,981.86,924
2021-07-14,395.98,56977.15,7.77,1011.49,925
2021-07-15,393.09,57274.15,7.85,990.48,926
2021-07-16,393.83,56484.56,7.92,983.71,927
2021-07-17,395.35,57489.52,7.88,989.28,928
2021-07-18,391.42,57152.91,7.85,983.47,929
2021-07-19,388.55,56911.93,8.0,987.29,930
2021-07-20,388.26,55438.15,7.86,948.35,931
2021-07-21,395.66,56538.25,8.0,990.34,932
2021-07-22,392.0,57128.78,8.02,975.66,933
2021-07-23,396.32,57823.32,7.9,989.9,934
2021-07-24,396.23,57499.23,7.88,998.07,935
2021-07-25,399.96,57675.13,7.81,981.21,936
2021-07-26,388.59,57243.65,8.09,975.05,937
2021-07-27,392.26,56971.45,7.67,964.29,938
2021-07-28,393.16,57939.69,7.91,965.73,939
2021-07-29,396.77,57423.08,7.96,979.09,940
2021-07-30,392.09,58852.79,8.02,988.59,941
2021-07-31,394.27,56792.97,8.05,989.25,942
2021-08-01,395.29,57134.25,8.02,991.56,943
2021-08-02,393.84,56639.79,7.96,973.48,944
2021-08-03,396.99,56852.44,7.94,1025.82,945
2021-08-04,397.33,55581.02,8.01,973.59,946
2021-08-05,389.9,56697.11,8.13,970.79,947
2021-08-06,394.48,57503.98,7.88,992.47,948
2021-08-07,396.93,56303.2,7.98,983.08,949
2021-08-08,392.62,58763.11,7.96,999.72,950
2021-08-09,392.55,56756.8,7.54,994.87,951
2021-08-10,393.86,55919.29,7.95,985.84,952
2021-08-11,395.92,58549.7,8.0,1003.24,953
2021-08-12,399.25,57058.7,8.01,956.26,954
2021-08-13,393.88,56858.17,7.97,980.28,955
2021-08-14,395.29,55497.55,7.94,974.47,956
2021-08-15,397.28,57754.64,7.99,995.14,957
2021-08-16,391.36,57198.93,7.96,984.4,958
2021-08-17,394.23,57571.44,7.99,992.1,959
2021-08-18,391.88,57332.47,7.79,1000.97,960
2021-08-19,395.71,57165.52,7.86,974.4,961
2021-08-20,395.86,56743.84,8.08,1018.74,962
2021-08-21,396.0,57182.57,8.04,971.06,963
2021-08-22,396.12,56999.7,8.11,976.39,964
2021-08-23,396.92,57206.6,7.98,970.63,965
2021-08-24,401.33,56981.65,8.04,974.16,966
2021-08-25,389.12,57843.2,7.89,991.46,967
2021-08-26,399.11,57463.05,7.97,1003.04,968
2021-08-27,397.87,56101.1,8.19,991.47,969
2021-08-28,395.75,57687.25,8.22,1016.08,970
2021-08-29,402.42,58804.23,8.0,966.64,971
2021-08-30,394.47,58222.25,8.21,999.95,972
2021-08-31,399.51,55806.01,7.79,1007.89,973
2021-09-01,401.05,58003.85,8.16,999.34,974
2021-09-02,399.04,57324.51,7.99,995.85,975
2021-09-03,396.8,57327.08,8.01,985.66,976
2021-09-04,396.54,56654.01,8.11,993.85,977
2021-09-05,402.52,58936.87,7.86,971.37,978
2021-09-06,397.62,58168.82,8.25,985.03,979
2021-09-07,397.28,56337.19,8.07,978.34,980
2021-09-08,394.01,57095.73,7.92,1001.02,981
2021-09-09,395.25,56740.76,8.02,994.71,982
2021-09-10,396.56,57946.53,8.01,979.24,983
2021-09-11,396.72,56848.12,7.94,980.31,984
2021-09-12,399.65,58022.55,7.93,974.81,985
2021-09-13,397.83,56462.68,8.07,1017.54,986
2021-09-14,402.45,55789.17,8.03,994.84,987
2021-09-15,397.61,57127.02,7.93,1015.92,988
2021-09-16,397.26,57355.24,8.02,1015.08,989
2021-09-17,395.19,56384.45,8.0,1022.14,990
2021-09-18,397.01,57947.88,8.0,1041.69,991
2021-09-19,397.68,56805.63,7.95,986.7,992
2021-09-20,398.86,58374.62,7.82,999.86,993
2021-09-21,395.92,56950.7,7.75,978.98,994
2021-09-22,401.47,56993.78,7.84,1013.9,995
2021-09-23,396.27,58316.41,8.02,1012.55,996
2021-09-24,400.59,56850.08,8.0,969.43,997
2021-09-25,405.0,57335.29,8.0,991.67,998
2021-09-26,404.9,57790.71,8.13,1027.48,999
2021-09-27,401.33,57302.36,7.95,1015.26,1000
2021-09-28,398.84,55986.05,8.15,991.78,1001
2021-09-29,403.86,58315.04,8.1,986.25,1002
2021-09-30,401.74,58040.17,8.21,981.82,1003
2021-10-01,398.1,57996.86,8.0,998.63,1004
2021-10-02,395.35,57737.07,8.11,971.49,1005
2021-10-03,395.85,58765.82,8.04,989.69,1006
2021-10-04,399.95,58239.95,7.97,1025.86,1007
2021-10-05,392.51,58083.33,7.93,1011.02,1008
2021-10-06,400.0,56675.95,8.19,1012.52,1009
2021-10-07,405.49,57657.52,8.12,1008.25,1010
2021-10-08,398.58,57940.69,8.14,1009.42,1011
2021-10-09,401.19,57684.89,8.08,991.48,1012
2021-10-10,396.64,58447.51,7.95,1031.21,1013
2021-10-11,402.16,56964.59,8.02,999.52,1014
2021-10-12,401.34,57526.33,8.02,1017.99,1015
2021-10-13,403.95,57875.82,8.15,1011.89,1016
2021-10-14,399.29,57261.38,8.04,1005.5,1017
2021-10-15,401.88,57688.96,8.04,1023.63,1018
2021-10-16,406.22,58262.15,8.07,1006.36,1019
2021-10-17,402.25,55565.08,8.03,1011.71,1020
2021-10-18,399.33,57755.65,8.08,1021.59,1021
2021-10-19,404.57,57192.31,7.99,1018.26,1022
2021-10-20,400.78,58138.07,7.92,982.97,1023
2021-10-21,407.51,58125.63,8.08,1021.38,1024
2021-10-22,404.29,58333.04,8.05,997.72,1025
2021-10-23,401.08,58901.9,8.15,987.56,1026
2021-10-24,406.1,57280.28,7.96,991.67,1027
2021-10-25,402.1,57049.93,8.05,989.87,1028
2021-10-26,407.29,57259.05,7.93,1016.9,1029
2021-10-27,402.25,57840.66,8.08,1011.74,1030
2021-10-28,404.49,56470.47,7.87,996.22,1031
2021-10-29,402.9,59305.79,8.12,1012.21,1032
2021-10-30,401.43,57308.07,7.99,991.63,1033
2021-10-31,402.54,58825.28,7.93,1010.04,1034
2021-11-01,399.09,57817.19,8.06,1017.39,1035
2021-11-02,404.41,59886.94,8.02,1013.42,1036
2021-11-03,404.01,57057.37,8.18,993.67,1037
2021-11-04,401.93,57951.79,8.01,989.04,1038
2021-11-05,400.67,58276.88,8.14,995.52,1039
2021-11-06,404.13,58290.82,7.91,1022.54,1040
2021-11-07,402.51,57765.27,8.08,1017.43,1041
2021-11-08,406.94,57231.13,7.95,1004.63,1042
2021-11-09,403.24,58511.93,8.06,993.59,1043
2021-11-10,399.31,58184.49,8.02,1023.04,1044
2021-11-11,404.91,57474.6,8.02,1022.17,1045
2021-11-12,407.47,57944.29,7.92,1009.24,1046
2021-11-13,402.46,58239.87,7.92,997.88,1047
2021-11-14,401.99,57375.59,8.13,1000.04,1048
2021-11-15,402.06,59368.21,8.14,1012.44,1049
2021-11-16,403.33,57138.3,8.07,1011.53,1050
2021-11-17,407.49,59138.75,8.2,1027.91,1051
2021-11-18,406.62,57208.48,8.12,1022.92,1052
2021-11-19,406.01,57195.79,8.03,1013.65,1053
2021-11-20,403.68,59578.06,7.97,991.03,1054
2021-11-21,403.85,58275.52,8.16,1026.1,1055
2021-11-22,404.52,56977.86,8.29,1006.68,1056
2021-11-23,404.64,57557.52,7.87,1010.06,1057
2021-11-24,407.5,58093.53,8.0,1023.44,1058
2021-11-25,405.56,57346.12,8.06,1018.02,1059
2021-11-26,403.06,56816.91,8.11,995.08,1060
2021-11-27,404.01,57637.83,8.29,1020.36,1061
2021-11-28,401.81,59503.32,8.08,1012.16,1062
2021-11-29,407.3,58411.48,7.97,999.3,1063
2021-11-30,399.74,56971.28,8.16,1019.47,1064
2021-12-01,399.54,58454.58,8.18,1006.84,1065
2021-12-02,404.99,57230.29,8.06,1006.51,1066
2021-12-03,403.17,58030.48,7.99,1011.83,1067
2021-12-04,404.83,57706.9,7.96,1019.76,1068
2021-12-05,403.5,57331.96,8.17,1004.89,1069
2021-12-06,407.8,59483.17,8.01,1024.72,1070
2021-12-07,405.41,57468.32,8.02,1020.34,1071
2021-12-08,405.79,59160.48,8.16,1016.47,1072
2021-12-09,406.51,56765.18,8.09,1044.83,1073
2021-12-10,409.09,56524.86,7.88,1017.29,1074
2021-12-11,412.29,57588.04,8.15,1020.7,1075
2021-12-12,407.31,58476.85,8.02,1034.07,1076
2021-12-13,406.62,58139.74,8.18,1027.25,1077
2021-12-14,406.87,56292.42,8.11,988.69,1078
2021-12-15,402.86,58154.95,8.14,992.76,1079
2021-12-16,408.02,58401.44,8.17,997.51,1080
2021-12-17,416.48,57288.98,8.06,1015.51,1081
2021-12-18,410.77,58947.84,8.17,1008.46,1082
2021-12-19,410.51,58650.19,7.95,1016.34,1083
2021-12-20,410.72,58079.9,8.13,1025.44,1084
2021-12-21,410.33,57425.51,8.21,1032.51,1085
2021-12-22,409.89,57618.81,8.21,1015.15,1086
2021-12-23,411.26,57403.82,8.25,1011.24,1087
2021-12-24,410.02,58356.07,8.17,1021.25,1088
2021-12-25,413.32,56826.03,8.19,1017.82,1089
2021-12-26,401.29,60197.34,8.1,1019.37,1090
2021-12-27,408.7,58227.77,8.12,1031.12,1091
2021-12-28,410.5,59120.96,8.06,1021.5,1092
2021-12-29,407.8,59424.78,8.2,1022.86,1093
2021-12-30,414.99,59273.79,7.99,1007.74,1094
2021-12-31,411.3,58542.02,8.13,1000.85,1095
2022-01-01,407.9,57137.48,8.18,1022.86,1096
2022-01-02,404.46,57858.41,8.31,1014.71,1097
2022-01-03,403.8,57157.3,8.14,1019.58,1098
2022-01-04,411.48,59591.42,8.22,1045.06,1099
2022-01-05,407.02,55974.61,7.99,1030.44,1100
2022-01-06,408.63,58514.32,8.16,1020.45,1101
2022-01-07,409.28,57252.97,7.98,1045.89,1102
2022-01-08,412.76,56754.55,8.18,1005.99,1103
2022-01-09,411.64,56845.3,7.98,1034.52,1104
2022-01-10,411.31,58462.67,8.12,1001.14,1105
2022-01-11,413.85,57432.33,8.32,1034.11,1106
2022-01-12,408.08,58314.9,8.15,1036.58,1107
2022-01-13,408.25,56151.21,8.17,1019.31,1108
2022-01-14,406.88,58103.54,8.07,1026.46,1109
2022-01-15,410.91,57405.91,7.96,1016.67,1110
2022-01-16,411.63,59977.5,8.08,1013.94,1111
2022-01-17,407.88,58925.44,8.26,1043.92,1112
2022-01-18,413.82,57764.55,8.06,1033.29,1113
2022-01-19,411.21,57921.7,8.34,1040.28,1114
2022-01-20,408.93,57768.06,7.95,1020.83,1115
2022-01-21,407.8,58026.02,8.14,1021.33,1116
2022-01-22,413.4,58233.79,8.27,1016.98,1117
2022-01-23,415.31,58790.45,8.15,1029.28,1118
2022-01-24,415.02,57803.75,8.22,1020.11,1119
2022-01-25,412.3,58578.05,8.19,1023.38,1120
2022-01-26,413.26,58131.09,8.17,998.62,1121
2022-01-27,412.06,58956.53,8.22,1031.8,1122
2022-01-28,413.81,58301.08,8.11,1037.22,1123
2022-01-29,410.56,56635.59,8.41,1056.1,1124
2022-01-30,406.19,57881.8,8.09,1036.15,1125
2022-01-31,416.32,57938.0,8.15,1028.88,1126
2022-02-01,407.69,57451.45,8.25,1033.74,1127
2022-02-02,411.2,59352.01,8.28,1024.48,1128
2022-02-03,411.62,58262.89,8.11,1027.27,1129
2022-02-04,412.51,58718.32,8.17,1023.58,1130
2022-02-05,407.06,59291.53,8.12,1030.45,1131
2022-02-06,414.41,58174.34,8.1,1044.82,1132
2022-02-07,411.71,58523.57,8.08,1042.24,1133
2022-02-08,411.25,57570.87,8.19,1019.7,1134
2022-02-09,411.9,59238.93,8.22,1016.41,1135
2022-02-10,419.75,58291.62,8.12,1036.83,1136
2022-02-11,416.14,59104.74,8.24,1006.74,1137
2022-02-12,414.58,57692.93,8.13,1021.96,1138
2022-02-13,413.48,57926.88,8.03,1062.23,1139
2022-02-14,411.79,57851.27,8.0,1029.76,1140
2022-02-15,416.26,58598.01,8.47,1038.24,1141
2022-02-16,415.39,58134.3,8.17,1032.21,1142
2022-02-17,413.27,57288.75,8.35,1009.8,1143
2022-02-18,409.65,58109.52,8.21,1041.58,1144
2022-02-19,414.74,58446.17,8.13,1022.95,1145
2022-02-20,411.47,58898.46,8.23,1013.55,1146
2022-02-21,412.36,59122.83,8.32,1023.05,1147
2022-02-22,414.37,59092.4,8.48,1000.58,1148
2022-02-23,416.37,59038.09,8.24,1037.38,1149
2022-02-24,414.7,57426.58,8.45,1051.58,1150
2022-02-25,417.54,58733.08,8.09,1058.68,1151
2022-02-26,416.34,59597.9,8.36,1044.71,1152
2022-02-27,421.12,58757.43,8.2,1020.01,1153
2022-02-28,412.97,57604.43,8.11,1024.8,1154
2022-03-01,414.92,60212.75,8.33,1013.9,1155
2022-03-02,418.28,59453.41,8.0,1033.38,1156
2022-03-03,420.47,58328.7,8.31,1056.21,1157
2022-03-04,414.2,58394.57,8.33,1046.78,1158
2022-03-05,417.12,57245.05,8.09,1061.93,1159
2022-03-06,420.55,59339.52,8.33,1022.62,1160
2022-03-07,418.26,59248.64,8.41,1001.15,1161
2022-03-08,413.33,59321.09,8.13,1040.07,1162
2022-03-09,411.22,57925.6,8.25,1029.15,1163
2022-03-10,422.28,59248.98,8.27,1010.53,1164
2022-03-11,412.96,57560.83,8.17,1026.23,1165
2022-03-12,417.01,58901.87,8.11,1066.99,1166
2022-03-13,418.66,59553.73,8.24,1042.22,1167
2022-03-14,415.91,58990.07,8.01,988.24,1168
2022-03-15,421.68,59383.38,8.08,1038.0,1169
2022-03-16,413.09,58314.44,8.29,1015.42,1170
2022-03-17,420.86,58312.99,8.48,1045.54,1171
2022-03-18,419.8,58027.76,8.26,1033.92,1172
2022-03-19,426.17,59210.39,8.14,1052.2,1173
2022-03-20,420.47,60178.5,8.19,1059.86,1174
2022-03-21,420.64,58318.21,8.38,1037.03,1175
2022-03-22,417.47,58028.96,8.28,998.44,1176
2022-03-23,423.1,58059.31,8.27,1041.83,1177
2022-03-24,423.01,58753.59,8.13,1041.11,1178
2022-03-25,420.05,58889.5,8.42,1055.18,1179
2022-03-26,414.96,59165.94,8.36,1030.17,1180
2022-03-27,413.42,59337.36,8.28,1039.7,1181
2022-03-28,415.94,58191.0,8.43,1044.89,1182
2022-03-29,423.43,58226.89,8.12,1046.34,1183
2022-03-30,421.36,58994.88,8.24,1048.68,1184
2022-03-31,419.49,57976.71,8.31,1052.06,1185
2022-04-01,419.42,58983.99,8.31,1044.84,1186
2022-04-02,420.04,59092.91,8.45,1008.1,1187
2022-04-03,421.99,58297.78,8.12,1020.83,1188
2022-04-04,421.95,58311.88,8.22,1027.66,1189
2022-04-05,419.16,58011.16,8.34,1028.16,1190
2022-04-06,415.28,57981.58,8.21,1030.41,1191
2022-04-07,417.82,58488.3,8.05,1007.65,1192
2022-04-08,423.92,60478.4,8.15,1053.27,1193
2022-04-09,414.26,59910.84,8.11,1011.19,1194
2022-04-10,419.97,58494.01,8.49,1014.27,1195
2022-04-11,418.69,59259.98,8.4,1077.41,1196
2022-04-12,424.34,58563.77,8.3,1056.72,1197
2022-04-13,418.91,60360.3,8.23,1054.03,1198
2022-04-14,427.95,58140.4,8.29,1062.09,1199
2022-04-15,418.91,59704.48,8.28,1043.63,1200
2022-04-16,424.04,59356.65,8.16,1011.27,1201
2022-04-17,419.71,60241.24,8.18,1037.13,1202
2022-04-18,418.49,58583.67,8.22,1036.91,1203
2022-04-19,422.1,60442.93,8.3,1027.96,1204
2022-04-20,418.51,57796.58,8.15,1045.62,1205
2022-04-21,422.26,58988.8,8.41,1017.44,1206
2022-04-22,415.78,60123.34,8.35,1027.04,1207
2022-04-23,415.93,59184.82,8.31,1058.34,1208
2022-04-24,423.77,59140.64,8.22,1055.18,1209
2022-04-25,424.18,59626.25,8.28,1027.9,1210
2022-04-26,414.58,59132.1,8.36,1047.02,1211
2022-04-27,417.22,58693.8,8.39,1021.0,1212
2022-04-28,419.15,59239.57,8.11,1039.07,1213
2022-04-29,418.07,59215.73,8.22,1036.91,1214
2022-04-30,424.29,57881.48,8.28,1035.39,1215
2022-05-01,421.37,59187.48,8.23,1031.87,1216
2022-05-02,415.95,58731.84,8.21,1061.14,1217
2022-05-03,422.6,58899.8,8.11,1041.41,1218
2022-05-04,419.29,60842.57,8.23,1044.61,1219
2022-05-05,421.84,57751.65,8.36,1017.4,1220
2022-05-06,423.61,58671.07,8.36,1044.92,1221
2022-05-07,424.34,58619.76,8.3,1041.37,1222
2022-05-08,420.35,59161.38,8.39,1037.99,1223
2022-05-09,424.31,58467.6,8.5,1050.89,1224
2022-05-10,420.46,60363.9,8.34,1055.67,1225
2022-05-11,426.11,58578.35,8.27,1049.79,1226
2022-05-12,420.3,60540.04,8.25,978.48,1227
2022-05-13,428.1,58856.75,8.33,1073.69,1228
2022-05-14,421.59,58344.68,8.24,1056.72,1229
2022-05-15,429.22,58244.23,8.35,1028.55,1230
2022-05-16,429.03,59938.64,8.44,1065.49,1231
2022-05-17,417.8,59352.26,8.32,1041.42,1232
2022-05-18,422.4,61055.32,8.54,1029.93,1233
2022-05-19,424.43,58901.64,7.89,1069.88,1234
2022-05-20,424.07,57896.26,8.4,1065.69,1235
2022-05-21,423.6,57954.11,8.39,1052.31,1236
2022-05-22,427.66,60212.32,8.23,1070.58,1237
2022-05-23,423.47,58571.66,8.37,1074.86,1238
2022-05-24,425.81,59774.12,8.4,1056.32,1239
2022-05-25,422.9,58739.72,8.31,1067.11,1240
2022-05-26,424.65,59806.18,8.44,1024.37,1241
2022-05-27,420.34,58479.77,8.19,1054.24,1242
2022-05-28,420.81,58773.89,8.16,1049.44,1243
2022-05-29,426.41,58669.2,8.35,1028.66,1244
2022-05-30,425.16,59579.05,8.52,1051.61,1245
2022-05-31,428.36,59482.0,8.28,1027.83,1246
2022-06-01,425.1,60081.57,8.55,1065.38,1247
2022-06-02,428.08,60239.16,8.37,1012.25,1248
2022-06-03,421.12,58691.7,8.32,1030.59,1249
2022-06-04,425.41,58363.76,8.34,1046.92,1250
2022-06-05,420.99,58708.72,8.41,1047.9,1251
2022-06-06,422.8,60575.26,8.22,1076.49,1252
2022-06-07,424.35,60512.16,8.29,1056.41,1253
2022-06-08,424.83,59350.28,8.44,1035.63,1254
2022-06-09,425.59,59932.95,8.47,1032.16,1255
2022-06-10,426.59,59084.45,8.37,1067.42,1256
2022-06-11,423.38,59181.04,8.5,1048.0,1257
2022-06-12,431.67,60240.14,8.27,1041.29,1258
2022-06-13,426.52,59224.07,8.42,1058.61,1259
2022-06-14,429.45,58912.38,8.44,1049.16,1260
2022-06-15,424.2,59336.61,8.46,1030.75,1261
2022-06-16,426.68,59339.6,8.4,1070.28,1262
2022-06-17,425.05,58586.46,8.44,1045.75,1263
2022-06-18,432.71,59073.96,8.27,1052.0,1264
2022-06-19,428.25,58861.98,8.36,1046.6,1265
2022-06-20,428.22,61630.1,8.26,1063.45,1266
2022-06-21,427.37,58929.34,8.35,1034.72,1267
2022-06-22,426.37,59530.92,8.48,1032.7,1268
2022-06-23,433.95,60983.39,8.37,1053.93,1269
2022-06-24,426.13,59785.89,8.26,1047.25,1270
2022-06-25,425.54,60157.02,8.39,1073.28,1271
2022-06-26,430.06,58452.05,8.42,1048.66,1272
2022-06-27,426.79,60435.31,8.38,1060.22,1273
2022-06-28,430.09,59045.53,8.48,1067.4,1274
2022-06-29,430.26,60063.91,8.21,1041.59,1275
2022-06-30,426.68,59203.79,8.42,1024.35,1276
2022-07-01,426.99,59839.43,8.29,1062.5,1277
2022-07-02,426.28,57325.14,8.4,1050.82,1278
2022-07-03,425.97,58672.1,8.47,1049.35,1279
2022-07-04,428.66,59808.92,8.48,1035.88,1280
2022-07-05,428.47,59172.39,8.6,1071.47,1281
2022-07-06,430.23,59176.79,8.44,1063.42,1282
2022-07-07,425.94,59426.11,8.48,1074.01,1283
2022-07-08,426.4,61359.72,8.47,1060.5,1284
2022-07-09,428.83,58667.69,8.52,1073.61,1285
2022-07-10,425.81,59646.24,8.43,1074.24,1286
2022-07-11,435.71,59807.41,8.36,1081.51,1287
2022-07-12,433.79,58943.45,8.44,1073.61,1288
2022-07-13,426.38,60289.01,8.42,1075.97,1289
2022-07-14,420.97,60024.92,8.43,1060.18,1290
2022-07-15,431.99,59252.15,8.43,1065.87,1291
2022-07-16,423.04,59726.21,8.5,1069.77,1292
2022-07-17,428.9,58862.74,8.44,1085.76,1293
2022-07-18,434.04,60587.41,8.22,1054.57,1294
2022-07-19,432.07,60655.81,8.35,1049.11,1295
2022-07-20,423.8,59505.73,8.55,1025.08,1296
2022-07-21,432.63,59024.86,8.53,1037.35,1297
2022-07-22,428.09,59358.12,8.32,1064.65,1298
2022-07-23,426.5,60184.22,8.47,1057.17,1299
2022-07-24,434.68,59033.99,8.59,1070.22,1300
2022-07-25,431.4,59896.82,8.6,1061.75,1301
2022-07-26,432.85,60283.38,8.48,1074.64,1302
2022-07-27,431.64,58796.63,8.51,1057.92,1303
2022-07-28,428.5,59805.15,8.62,1042.17,1304
2022-07-29,433.04,59049.62,8.29,1062.7,1305
2022-07-30,429.27,59609.13,8.67,1055.69,1306
2022-07-31,424.53,59533.68,8.48,1075.82,1307
2022-08-01,428.38,59430.38,8.46,1048.02,1308
2022-08-02,437.9,59178.48,8.46,1064.44,1309
2022-08-03,430.5,60788.86,8.3,1075.87,1310
2022-08-04,428.78,61130.1,8.43,1049.4,1311
2022-08-05,430.32,58418.2,8.38,1098.58,1312
2022-08-06,432.17,58075.47,8.4,1057.05,1313
2022-08-07,430.23,61103.4,8.17,1067.23,1314
2022-08-08,435.85,59634.85,8.32,1064.14,1315
2022-08-09,435.26,59956.4,8.46,1059.47,1316
2022-08-10,429.64,59706.8,8.55,1094.1,1317
2022-08-11,432.13,60261.47,8.54,1043.74,1318
2022-08-12,431.98,59042.96,8.49,1032.29,1319
2022-08-13,433.35,60595.87,8.66,1051.44,1320
2022-08-14,430.41,60710.82,8.35,1074.48,1321
2022-08-15,428.06,59127.65,8.34,1067.92,1322
2022-08-16,430.93,59923.03,8.34,1085.22,1323
2022-08-17,433.5,59603.53,8.71,1038.91,1324
2022-08-18,435.57,60628.1,8.55,1082.57,1325
2022-08-19,433.1,58349.22,8.41,1055.06,1326
2022-08-20,433.17,61975.28,8.61,1071.0,1327
2022-08-21,434.9,58969.43,8.49,1067.12,1328
2022-08-22,433.73,60746.64,8.46,1084.25,1329
2022-08-23,433.69,60254.86,8.56,1083.67,1330
2022-08-24,433.6,58795.65,8.4,1089.81,1331
2022-08-25,434.21,60752.68,8.61,1056.73,1332
2022-08-26,433.72,60088.74,8.68,1071.1,1333
2022-08-27,438.37,61036.31,8.47,1058.54,1334
2022-08-28,432.24,59841.48,8.5,1080.33,1335
2022-08-29,438.05,60334.27,8.57,1047.08,1336
2022-08-30,434.96,60757.3,8.4,1062.58,1337
2022-08-31,436.27,60595.32,8.66,1071.13,1338
2022-09-01,433.83,59999.33,8.5,1057.57,1339
2022-09-02,437.26,60109.39,8.36,1093.23,1340
2022-09-03,436.57,61465.93,8.38,1078.35,1341
2022-09-04,437.26,60098.51,8.54,1072.01,1342
2022-09-05,438.6,59654.44,8.56,1052.86,1343
2022-09-06,435.32,58958.26,8.37,1060.11,1344
2022-09-07,436.16,60851.29,8.69,1086.37,1345
2022-09-08,431.04,59215.56,8.63,1068.75,1346
2022-09-09,434.47,61308.72,8.55,1055.44,1347
2022-09-10,436.02,59779.06,8.48,1068.93,1348
2022-09-11,433.93,59330.04,8.52,1061.11,1349
2022-09-12,438.18,61044.7,8.53,1061.04,1350
2022-09-13,437.84,59729.17,8.38,1088.87,1351
2022-09-14,435.45,60746.2,8.62,1063.95,1352
2022-09-15,437.34,61195.28,8.75,1094.51,1353
2022-09-16,438.43,59420.14,8.55,1056.56,1354
2022-09-17,437.02,58850.25,8.7,1077.77,1355
2022-09-18,434.72,61004.39,8.56,1086.82,1356
2022-09-19,439.21,60233.45,8.64,1055.27,1357
2022-09-20,434.67,60688.02,8.52,1078.25,1358
2022-09-21,431.47,60849.34,8.38,1051.98,1359
2022-09-22,438.63,61090.98,8.55,1064.44,1360
2022-09-23,435.25,60137.44,8.53,1056.17,1361
2022-09-24,440.32,60672.33,8.53,1063.18,1362
2022-09-25,433.33,60238.48,8.67,1060.07,1363
2022-09-26,438.47,60689.78,8.66,1069.25,1364
2022-09-27,439.67,60291.49,8.54,1094.03,1365
2022-09-28,434.97,60565.31,8.42,1040.37,1366
2022-09-29,430.47,60668.72,8.63,1071.14,1367
2022-09-30,435.09,60363.73,8.61,1068.95,1368
2022-10-01,437.32,59789.93,8.51,1057.9,1369
2022-10-02,437.26,58958.16,8.52,1077.29,1370
2022-10-03,443.44,60481.76,8.47,1043.35,1371
2022-10-04,435.12,61577.83,8.62,1050.09,1372
2022-10-05,440.17,59405.53,8.73,1089.55,1373
2022-10-06,437.09,60109.9,8.72,1095.33,1374
2022-10-07,431.66,60499.5,8.59,1072.45,1375
2022-10-08,437.9,60170.67,8.6,1079.32,1376
2022-10-09,437.69,60509.45,8.45,1073.4,1377
2022-10-10,441.81,59961.83,8.42,1082.41,1378
2022-10-11,435.59,62281.62,8.57,1087.54,1379
2022-10-12,442.31,59721.75,8.57,1083.75,1380
2022-10-13,438.19,60995.67,8.52,1073.05,1381
2022-10-14,437.2,59779.61,8.51,1096.06,1382
2022-10-15,438.39,60948.33,8.56,1075.41,1383
2022-10-16,438.49,60074.1,8.48,1106.5,1384
2022-10-17,441.56,60889.83,8.78,1065.73,1385
2022-10-18,440.0,60923.64,8.71,1051.58,1386
2022-10-19,437.48,60159.96,8.54,1083.96,1387
2022-10-20,436.58,60953.45,8.63,1082.14,1388
2022-10-21,440.38,59968.37,8.61,1050.55,1389
2022-10-22,444.4,59683.73,8.72,1042.74,1390
2022-10-23,439.95,61777.39,8.6,1101.2,1391
2022-10-24,438.76,60949.05,8.6,1071.99,1392
2022-10-25,439.65,60523.82,8.47,1079.84,1393
2022-10-26,437.23,60212.12,8.71,1078.88,1394
2022-10-27,437.35,61047.87,8.79,1045.53,1395
2022-10-28,436.39,61208.11,8.76,1084.49,1396
2022-10-29,440.42,60352.42,8.77,1120.35,1397
2022-10-30,439.17,61155.86,8.46,1073.85,1398
2022-10-31,439.96,61234.76,8.38,1100.76,1399
2022-11-01,446.29,61143.14,8.53,1091.06,1400
2022-11-02,439.84,60491.93,8.58,1082.72,1401
2022-11-03,437.96,60231.52,8.77,1081.49,1402
2022-11-04,438.18,60810.78,8.59,1059.13,1403
2022-11-05,445.01,61476.63,8.44,1071.51,1404
2022-11-06,443.52,60890.48,8.54,1069.12,1405
2022-11-07,438.69,61068.25,8.66,1093.53,1406
2022-11-08,443.75,60569.97,8.51,1078.78,1407
2022-11-09,439.91,61142.9,8.52,1092.07,1408
2022-11-10,438.82,61873.07,8.73,1094.82,1409
2022-11-11,439.57,59587.61,8.6,1083.52,1410
2022-11-12,444.17,61514.89,8.78,1097.36,1411
2022-11-13,440.14,60846.11,8.36,1073.83,1412
2022-11-14,443.11,61378.32,8.65,1095.91,1413
2022-11-15,438.99,60270.21,8.36,1074.97,1414
2022-11-16,442.11,60228.04,8.67,1068.63,1415
2022-11-17,437.27,61291.22,8.69,1073.6,1416
2022-11-18,434.93,61337.72,8.59,1100.46,1417
2022-11-19,442.11,60242.97,8.63,1094.7,1418
2022-11-20,447.73,62233.78,8.67,1074.66,1419
2022-11-21,440.37,60153.87,8.59,1082.31,1420
2022-11-22,446.05,60834.23,8.3,1084.51,1421
2022-11-23,442.61,61078.5,8.74,1077.7,1422
2022-11-24,437.37,61910.84,8.64,1107.63,1423
2022-11-25,444.66,62407.71,8.55,1075.2,1424
2022-11-26,443.89,60370.71,8.61,1103.22,1425
2022-11-27,441.28,58815.3,8.63,1098.77,1426
2022-11-28,442.12,60065.21,8.68,1086.8,1427
2022-11-29,446.3,61555.17,8.77,1083.13,1428
2022-11-30,437.0,61344.7,8.71,1084.7,1429
2022-12-01,439.76,60748.08,8.52,1108.67,1430
2022-12-02,439.6,61652.03,8.58,1075.34,1431
2022-12-03,441.73,60349.65,8.75,1099.34,1432
2022-12-04,442.9,60669.57,8.72,1109.83,1433
2022-12-05,442.88,60570.58,8.62,1068.06,1434
2022-12-06,435.93,61917.46,8.62,1081.79,1435
2022-12-07,442.37,62603.86,8.57,1080.05,1436
2022-12-08,441.08,59984.57,8.58,1116.77,1437
2022-12-09,443.78,60548.95,8.61,1116.7,1438
2022-12-10,443.36,61108.57,8.66,1092.89,1439
2022-12-11,441.55,61031.88,8.7,1094.02,1440
2022-12-12,443.28,61125.14,8.66,1098.65,1441
2022-12-13,446.77,60562.3,8.65,1089.38,1442
2022-12-14,445.71,61347.94,8.81,1095.99,1443
2022-12-15,435.91,61346.57,8.67,1095.98,1444
2022-12-16,444.28,60415.77,8.65,1063.83,1445
2022-12-17,446.02,61240.91,8.48,1099.12,1446
2022-12-18,443.73,61276.1,8.82,1065.26,1447
2022-12-19,447.07,61142.1,8.54,1071.55,1448
2022-12-20,443.76,59314.43,8.61,1103.13,1449
2022-12-21,442.19,61214.61,8.81,1088.69,1450
2022-12-22,443.25,60002.05,8.75,1087.33,1451
2022-12-23,447.18,60378.4,8.59,1121.56,1452
2022-12-24,447.42,61233.52,8.58,1106.23,1453
2022-12-25,448.45,59989.13,8.68,1080.8,1454
2022-12-26,448.46,59409.92,8.64,1082.04,1455
2022-12-27,447.09,61881.35,8.66,1074.16,1456
2022-12-28,443.07,60742.38,8.74,1115.62,1457
2022-12-29,448.93,59549.59,8.57,1082.58,1458
2022-12-30,450.02,60534.82,8.81,1113.28,1459
2022-12-31,442.86,60520.84,8.43,1066.02,1460
2023-01-01,443.82,59770.84,8.76,1114.16,1461
2023-01-02,444.53,60334.79,8.77,1059.54,1462
2023-01-03,447.1,62007.91,8.72,1103.43,1463
2023-01-04,444.28,60414.36,8.91,1070.74,1464
2023-01-05,444.88,60730.98,8.75,1093.02,1465
2023-01-06,447.74,61423.19,8.58,1092.41,1466
2023-01-07,448.42,61413.01,8.49,1063.74,1467
2023-01-08,450.23,62630.25,8.75,1075.78,1468
2023-01-09,448.39,60395.39,8.77,1116.48,1469
2023-01-10,447.23,61303.76,8.74,1081.64,1470
2023-01-11,448.4,61730.35,8.72,1094.13,1471
2023-01-12,452.66,60722.68,8.78,1083.35,1472
2023-01-13,441.08,61347.28,8.66,1076.3,1473
2023-01-14,443.88,60884.36,8.84,1088.83,1474
2023-01-15,448.66,61443.36,8.66,1072.14,1475
2023-01-16,446.5,60333.2,8.68,1127.65,1476
2023-01-17,453.13,60960.3,8.61,1109.82,1477
2023-01-18,445.36,63027.79,8.9,1087.58,1478
2023-01-19,442.65,60619.09,8.75,1117.94,1479
2023-01-20,448.1,59644.47,8.68,1100.25,1480
2023-01-21,445.49,61726.02,8.75,1078.28,1481
2023-01-22,451.75,61374.47,8.77,1120.0,1482
2023-01-23,446.98,61087.93,8.71,1107.69,1483
2023-01-24,452.67,59412.43,8.62,1095.61,1484
2023-01-25,450.55,61688.52,8.81,1087.73,1485
2023-01-26,444.85,60963.62,8.74,1094.85,1486
2023-01-27,453.38,61182.67,8.82,1097.92,1487
2023-01-28,446.56,62040.51,8.74,1101.79,1488
2023-01-29,445.46,61625.26,8.77,1099.94,1489
2023-01-30,443.86,61145.21,8.66,1084.87,1490
2023-01-31,452.74,60481.23,8.63,1093.31,1491
2023-02-01,448.03,60315.83,8.83,1090.38,1492
2023-02-02,446.33,61499.15,8.77,1064.62,1493
2023-02-03,450.83,58493.66,8.91,1089.66,1494
2023-02-04,452.74,61965.53,8.75,1096.52,1495
2023-02-05,448.43,62213.88,8.77,1086.2,1496
2023-02-06,453.88,61957.97,8.72,1100.71,1497
2023-02-07,441.9,62454.19,8.73,1115.03,1498
2023-02-08,451.11,60848.85,8.88,1081.29,1499
2023-02-09,449.71,62304.19,8.84,1069.84,1500
2023-02-10,453.61,59947.28,8.69,1071.15,1501
2023-02-11,451.18,61547.25,8.85,1064.8,1502
2023-02-12,452.66,60519.19,9.1,1110.36,1503
2023-02-13,452.2,60786.27,8.78,1098.02,1504
2023-02-14,452.59,60463.13,8.81,1066.05,1505
2023-02-15,450.27,62032.22,8.77,1071.01,1506
2023-02-16,451.7,61434.71,8.86,1076.3,1507
2023-02-17,454.07,61514.56,8.76,1084.34,1508
2023-02-18,448.71,62420.76,8.88,1095.65,1509
2023-02-19,453.69,61612.65,8.69,1121.48,1510
2023-02-20,449.18,61511.41,9.04,1099.17,1511
2023-02-21,455.19,60754.38,8.72,1115.73,1512
2023-02-22,448.85,62555.25,8.77,1093.89,1513
2023-02-23,454.09,62072.36,8.77,1096.52,1514
2023-02-24,447.52,60270.02,8.85,1114.37,1515
2023-02-25,454.82,61508.43,8.68,1095.99,1516
2023-02-26,449.24,63191.22,8.75,1093.05,1517
2023-02-27,452.41,61173.9,8.8,1104.08,1518
2023-02-28,453.63,61844.97,8.78,1097.5,1519
2023-03-01,449.95,62111.13,8.84,1095.4,1520
2023-03-02,457.55,62138.21,8.67,1102.67,1521
2023-03-03,448.8,61528.39,8.9,1114.66,1522
2023-03-04,451.63,61407.14,8.85,1067.76,1523
2023-03-05,454.72,59687.67,8.63,1105.47,1524
2023-03-06,456.71,61180.05,8.8,1100.37,1525
2023-03-07,452.61,61121.29,8.88,1123.01,1526
2023-03-08,449.01,61467.17,8.86,1105.43,1527
2023-03-09,453.07,61258.29,8.82,1091.52,1528
2023-03-10,451.11,62008.9,8.74,1122.46,1529
2023-03-11,458.39,62831.73,8.81,1108.3,1530
2023-03-12,453.01,62802.49,8.8,1090.76,1531
2023-03-13,453.12,59947.7,8.78,1081.67,1532
2023-03-14,456.2,61791.62,8.74,1120.21,1533
2023-03-15,455.03,60609.91,8.9,1093.15,1534
2023-03-16,448.25,62060.72,8.89,1132.67,1535
2023-03-17,452.05,60991.4,8.98,1104.31,1536
2023-03-18,456.42,62465.19,8.86,1078.43,1537
2023-03-19,452.41,60922.07,8.69,1090.59,1538
2023-03-20,453.83,62614.38,8.79,1099.61,1539
2023-03-21,456.43,62010.61,8.94,1087.8,1540
2023-03-22,450.55,61377.18,8.64,1114.72,1541
2023-03-23,452.38,62092.73,8.84,1107.85,1542
2023-03-24,455.47,62038.45,8.78,1125.47,1543
2023-03-25,454.18,63053.84,8.78,1119.6,1544
2023-03-26,459.44,61228.65,8.66,1109.1,1545
2023-03-27,453.36,62017.4,8.74,1133.02,1546
2023-03-28,454.93,60615.41,8.7,1116.34,1547
2023-03-29,454.7,63670.62,8.94,1110.24,1548
2023-03-30,461.44,61620.95,8.79,1135.71,1549
2023-03-31,454.78,62355.02,8.87,1117.3,1550
2023-04-01,458.86,61923.06,8.91,1116.09,1551
2023-04-02,457.3,61280.14,8.81,1117.3,1552
2023-04-03,451.64,61108.6,8.65,1118.2,1553
2023-04-04,459.93,62588.9,8.73,1098.23,1554
2023-04-05,457.83,61580.21,8.87,1132.08,1555
2023-04-06,456.96,62433.65,8.86,1101.51,1556
2023-04-07,451.06,60912.78,8.93,1099.95,1557
2023-04-08,456.7,61917.54,8.8,1101.65,1558
2023-04-09,459.97,62674.51,8.87,1101.33,1559
2023-04-10,453.15,61325.88,8.76,1118.93,1560
2023-04-11,452.65,61067.56,8.86,1140.44,1561
2023-04-12,457.54,61669.32,8.7,1115.29,1562
2023-04-13,458.24,61553.27,8.78,1107.4,1563
2023-04-14,457.15,61499.01,8.71,1133.39,1564
2023-04-15,452.81,62542.31,8.86,1143.07,1565
2023-04-16,455.72,59995.24,8.75,1126.48,1566
2023-04-17,453.87,61868.62,8.73,1104.66,1567
2023-04-18,457.97,61836.19,8.86,1114.7,1568
2023-04-19,464.07,61732.53,8.91,1129.57,1569
2023-04-20,455.61,63549.14,8.9,1094.34,1570
2023-04-21,453.25,61878.19,8.73,1110.57,1571
2023-04-22,456.9,61871.46,8.83,1149.78,1572
2023-04-23,464.2,62845.91,8.91,1143.38,1573
2023-04-24,457.9,62135.35,8.72,1088.62,1574
2023-04-25,458.21,62022.39,8.85,1094.03,1575
2023-04-26,452.78,60506.7,8.8,1122.9,1576
2023-04-27,458.43,61924.85,8.85,1147.14,1577
2023-04-28,460.98,60896.18,8.72,1103.36,1578
2023-04-29,457.65,61957.11,8.79,1117.37,1579
2023-04-30,458.09,61876.29,8.79,1140.05,1580
2023-05-01,462.79,63498.93,8.9,1116.79,1581
2023-05-02,461.81,62189.06,8.94,1109.07,1582
2023-05-03,456.89,62408.87,8.93,1114.63,1583
2023-05-04,459.77,61322.51,8.73,1119.12,1584
2023-05-05,463.1,61379.02,8.95,1106.97,1585
2023-05-06,463.64,61065.08,8.87,1132.77,1586
2023-05-07,466.23,63084.89,8.93,1124.9,1587
2023-05-08,453.9,61400.32,9.0,1108.25,1588
2023-05-09,458.3,61909.45,9.02,1132.77,1589
2023-05-10,457.66,61454.13,9.03,1129.12,1590
2023-05-11,460.46,61696.88,8.78,1081.57,1591
2023-05-12,458.76,62938.38,8.93,1131.36,1592
2023-05-13,463.83,61317.42,8.91,1110.7,1593
2023-05-14,461.46,61785.93,8.87,1102.78,1594
2023-05-15,460.13,61934.64,8.72,1158.67,1595
2023-05-16,455.14,60154.68,8.94,1136.08,1596
2023-05-17,459.86,60828.41,9.14,1110.35,1597
2023-05-18,460.13,61975.74,9.05,1109.2,1598
2023-05-19,461.84,62976.58,8.89,1126.27,1599
2023-05-20,465.1,61559.68,9.11,1124.39,1600
2023-05-21,456.55,61489.83,9.04,1109.19,1601
2023-05-22,457.25,62200.75,8.97,1141.77,1602
2023-05-23,462.57,62199.15,8.86,1119.78,1603
2023-05-24,462.48,62028.19,8.81,1108.08,1604
2023-05-25,461.98,60668.23,9.07,1134.41,1605
2023-05-26,466.54,61991.35,8.74,1114.27,1606
2023-05-27,459.77,61971.34,8.95,1112.4,1607
2023-05-28,460.04,62067.94,8.79,1130.39,1608
2023-05-29,461.69,60194.17,8.8,1148.28,1609
2023-05-30,458.96,61999.77,9.09,1108.31,1610
2023-05-31,459.13,61479.02,8.95,1142.68,1611
2023-06-01,462.06,63194.17,8.99,1100.07,1612
2023-06-02,460.97,63057.6,9.03,1124.15,1613
2023-06-03,463.19,61478.01,8.85,1135.44,1614
2023-06-04,461.33,62138.56,8.92,1128.76,1615
2023-06-05,463.52,61346.87,9.01,1113.78,1616
2023-06-06,461.87,63112.02,8.92,1115.76,1617
2023-06-07,462.85,62348.0,9.05,1109.53,1618
2023-06-08,455.11,61738.18,8.97,1137.81,1619
2023-06-09,466.06,62523.09,8.91,1126.21,1620
2023-06-10,457.49,61093.4,8.94,1141.58,1621
2023-06-11,463.68,60355.6,9.0,1136.23,1622
2023-06-12,462.56,62796.68,8.94,1125.46,1623
2023-06-13,460.5,62821.79,8.87,1112.18,1624
2023-06-14,461.79,62335.29,9.08,1128.43,1625
2023-06-15,460.85,61697.17,8.86,1141.11,1626
2023-06-16,461.42,61508.39,8.94,1114.79,1627
2023-06-17,465.24,63201.08,8.92,1098.98,1628
2023-06-18,462.58,62303.51,9.17,1127.53,1629
2023-06-19,460.24,61845.7,8.77,1133.13,1630
2023-06-20,458.28,62550.34,8.82,1150.09,1631
2023-06-21,463.67,63139.43,8.93,1121.7,1632
2023-06-22,467.36,61990.56,9.08,1155.99,1633
2023-06-23,458.66,62236.57,9.08,1109.36,1634
2023-06-24,461.72,61611.91,8.94,1107.22,1635
2023-06-25,466.83,63216.92,8.74,1137.02,1636
2023-06-26,461.99,62614.84,9.22,1135.01,1637
2023-06-27,465.18,60966.66,9.07,1156.34,1638
2023-06-28,461.64,62510.32,9.05,1142.49,1639
2023-06-29,464.04,62771.21,8.83,1115.77,1640
2023-06-30,464.09,61122.76,9.16,1121.73,1641
2023-07-01,460.93,63663.47,9.08,1129.23,1642
2023-07-02,464.32,62809.96,8.87,1114.62,1643
2023-07-03,460.69,62613.86,9.05,1162.59,1644
2023-07-04,461.27,63073.09,8.86,1105.97,1645
2023-07-05,467.24,63840.41,8.92,1138.23,1646
2023-07-06,462.08,60960.86,8.92,1160.15,1647
2023-07-07,466.95,63162.65,8.81,1127.56,1648
2023-07-08,465.47,62487.64,9.06,1120.51,1649
2023-07-09,469.75,62147.92,9.06,1119.22,1650
2023-07-10,462.5,61808.06,9.12,1117.7,1651
2023-07-11,460.99,64024.67,9.06,1131.67,1652
2023-07-12,464.66,61259.57,8.89,1153.61,1653
2023-07-13,460.3,61705.55,9.0,1133.76,1654
2023-07-14,464.94,62572.63,9.05,1139.86,1655
2023-07-15,461.46,63445.86,8.91,1118.46,1656
2023-07-16,465.34,62144.5,9.07,1123.47,1657
2023-07-17,467.57,62235.16,9.04,1144.35,1658
2023-07-18,466.4,63297.1,9.18,1124.32,1659
2023-07-19,464.5,63350.54,8.92,1135.62,1660
2023-07-20,463.06,62602.93,9.27,1133.97,1661
2023-07-21,467.29,61392.58,8.89,1151.72,1662
2023-07-22,464.37,62967.48,9.0,1133.82,1663
2023-07-23,471.59,65052.48,8.84,1140.39,1664
2023-07-24,468.29,62386.0,8.97,1133.96,1665
2023-07-25,469.6,62956.13,8.96,1137.3,1666
2023-07-26,469.6,61063.08,9.0,1110.6,1667
2023-07-27,465.2,61727.05,8.92,1115.91,1668
2023-07-28,465.01,61943.68,9.11,1115.57,1669
2023-07-29,469.86,61107.67,9.1,1115.9,1670
2023-07-30,463.27,60799.54,8.92,1121.28,1671
2023-07-31,462.51,62877.49,8.84,1119.66,1672
2023-08-01,469.18,63376.75,8.93,1120.08,1673
2023-08-02,466.01,64262.23,8.89,1146.27,1674
2023-08-03,464.69,62235.03,8.95,1118.63,1675
2023-08-04,467.47,61695.67,9.13,1113.86,1676
2023-08-05,465.67,60998.98,9.01,1155.97,1677
2023-08-06,468.54,63197.58,8.96,1124.26,1678
2023-08-07,467.43,63318.21,9.06,1134.04,1679
2023-08-08,464.62,62626.29,9.03,1128.78,1680
2023-08-09,467.44,61869.12,8.93,1134.9,1681
2023-08-10,467.45,63836.95,9.06,1125.77,1682
2023-08-11,469.72,62319.24,8.9,1121.23,1683
2023-08-12,471.61,63411.06,9.19,1141.5,1684
2023-08-13,472.61,63291.5,9.16,1145.14,1685
2023-08-14,468.93,63176.62,9.04,1138.35,1686
2023-08-15,471.31,62193.86,9.02,1138.04,1687
2023-08-16,472.09,61760.84,8.98,1120.03,1688
2023-08-17,475.03,63719.95,9.21,1139.4,1689
2023-08-18,472.59,62578.85,8.9,1162.77,1690
2023-08-19,469.58,63649.19,8.82,1139.15,1691
2023-08-20,468.75,61172.02,9.15,1140.58,1692
2023-08-21,470.25,62161.78,9.18,1128.41,1693
2023-08-22,472.94,62203.05,9.05,1153.47,1694
2023-08-23,469.14,63646.46,9.11,1116.54,1695
2023-08-24,472.41,62496.33,8.97,1127.82,1696
2023-08-25,461.82,61118.46,9.21,1154.02,1697
2023-08-26,476.44,62501.37,9.03,1153.9,1698
2023-08-27,475.41,62737.09,8.86,1102.15,1699
2023-08-28,475.88,63200.38,9.01,1142.21,1700
2023-08-29,467.94,62667.9,9.21,1156.06,1701
2023-08-30,466.21,63351.74,8.84,1137.3,1702
2023-08-31,469.75,61426.31,8.94,1157.84,1703
2023-09-01,472.92,63165.45,8.97,1130.19,1704
2023-09-02,474.79,63211.97,9.07,1140.37,1705
2023-09-03,469.99,63313.61,9.04,1142.66,1706
2023-09-04,469.54,61308.02,8.87,1165.23,1707
2023-09-05,468.83,63105.82,9.24,1133.08,1708
2023-09-06,468.18,62033.45,9.03,1152.84,1709
2023-09-07,469.21,62742.09,9.22,1154.22,1710
2023-09-08,469.1,63072.22,9.01,1122.42,1711
2023-09-09,468.91,63054.94,9.04,1122.58,1712
2023-09-10,474.86,63397.79,8.88,1130.78,1713
2023-09-11,474.31,62855.41,9.29,1145.36,1714
2023-09-12,473.24,63725.64,8.99,1151.95,1715
2023-09-13,474.22,64239.28,9.04,1133.96,1716
2023-09-14,478.93,62826.8,9.13,1133.18,1717
2023-09-15,471.94,61780.76,9.15,1133.92,1718
2023-09-16,476.38,63160.34,9.11,1160.55,1719
2023-09-17,468.01,63724.95,9.01,1166.7,1720
2023-09-18,474.3,62400.8,9.21,1142.98,1721
2023-09-19,474.72,61937.92,8.99,1131.74,1722
2023-09-20,475.84,61358.0,9.05,1157.81,1723
2023-09-21,474.66,61647.97,9.0,1128.21,1724
2023-09-22,468.18,61624.18,9.3,1166.64,1725
2023-09-23,480.16,62000.94,9.23,1146.43,1726
2023-09-24,473.59,62658.17,9.18,1155.3,1727
2023-09-25,475.66,63222.76,9.04,1160.67,1728
2023-09-26,464.89,62971.12,9.08,1133.59,1729
2023-09-27,471.73,62057.73,9.2,1155.46,1730
2023-09-28,470.92,62185.09,9.15,1156.25,1731
2023-09-29,470.01,63593.11,9.13,1150.11,1732
2023-09-30,478.57,62818.73,8.92,1135.22,1733
2023-10-01,473.07,64101.2,9.13,1125.4,1734
2023-10-02,474.0,63064.87,8.95,1147.17,1735
2023-10-03,471.05,62899.33,9.17,1152.4,1736
2023-10-04,472.69,62626.71,9.11,1119.95,1737
2023-10-05,473.21,62478.05,9.11,1131.25,1738
2023-10-06,472.22,64245.7,9.01,1142.41,1739
2023-10-07,475.24,62564.91,9.19,1101.29,1740
2023-10-08,478.71,63612.22,9.06,1124.54,1741
2023-10-09,474.06,63454.83,9.04,1134.54,1742
2023-10-10,475.72,62287.84,9.08,1154.87,1743
2023-10-11,475.63,63012.42,9.17,1169.14,1744
2023-10-12,473.95,62797.13,9.26,1157.6,1745
2023-10-13,470.05,64462.95,9.27,1188.68,1746
2023-10-14,477.21,64302.88,9.21,1150.02,1747
2023-10-15,479.87,61541.95,9.18,1166.28,1748
2023-10-16,470.71,62877.52,9.08,1144.48,1749
2023-10-17,473.42,61755.71,9.18,1147.86,1750
2023-10-18,476.45,64237.02,9.12,1156.94,1751
2023-10-19,479.11,62489.21,9.06,1158.63,1752
2023-10-20,468.67,62747.51,9.09,1153.9,1753
2023-10-21,478.39,64740.56,9.18,1122.51,1754
2023-10-22,478.4,63620.29,9.06,1129.65,1755
2023-10-23,474.66,62076.78,9.13,1143.23,1756
2023-10-24,475.83,64953.48,9.19,1137.87,1757
2023-10-25,476.57,63015.85,9.01,1151.56,1758
2023-10-26,479.51,63380.83,9.06,1147.49,1759
2023-10-27,475.54,64413.88,9.25,1163.72,1760
2023-10-28,479.01,63364.0,9.02,1161.99,1761
2023-10-29,474.25,62101.07,9.26,1135.72,1762
2023-10-30,478.72,63319.77,9.0,1144.43,1763
2023-10-31,476.58,64745.14,9.4,1191.21,1764
2023-11-01,471.84,64318.06,9.29,1173.89,1765
2023-11-02,477.28,62951.81,9.13,1148.7,1766
2023-11-03,481.79,63587.51,9.2,1160.51,1767
2023-11-04,477.4,62581.52,9.09,1139.07,1768
2023-11-05,478.03,62490.87,8.98,1165.7,1769
2023-11-06,476.54,62888.9,9.33,1147.82,1770
2023-11-07,477.77,62376.2,9.13,1151.49,1771
2023-11-08,476.42,62671.45,9.16,1122.09,1772
2023-11-09,480.01,65016.74,9.15,1167.28,1773
2023-11-10,478.74,63131.38,9.02,1133.4,1774
2023-11-11,473.77,62477.86,9.12,1146.41,1775
2023-11-12,477.39,64749.25,9.31,1170.19,1776
2023-11-13,474.96,63582.2,9.19,1158.0,1777
2023-11-14,477.02,62105.94,9.05,1149.01,1778
2023-11-15,477.64,64018.37,9.13,1163.13,1779
2023-11-16,477.45,63009.39,9.15,1154.34,1780
2023-11-17,477.47,62817.03,9.25,1151.66,1781
2023-11-18,474.19,63751.61,9.34,1159.76,1782
2023-11-19,478.84,62742.4,9.29,1163.77,1783
2023-11-20,481.49,63788.12,9.3,1173.02,1784
2023-11-21,481.1,62938.73,9.14,1165.0,1785
2023-11-22,480.94,64804.46,8.97,1148.09,1786
2023-11-23,483.46,64116.74,9.08,1188.87,1787
2023-11-24,478.35,63189.03,9.07,1146.91,1788
2023-11-25,480.93,62807.26,9.18,1126.59,1789
2023-11-26,476.27,62878.31,9.33,1152.23,1790
2023-11-27,482.7,65438.68,9.18,1139.06,1791
2023-11-28,482.32,63325.44,9.18,1155.78,1792
2023-11-29,478.02,63390.34,9.08,1162.11,1793
2023-11-30,474.18,63891.54,9.27,1161.33,1794
2023-12-01,471.49,63226.39,9.09,1136.12,1795
2023-12-02,479.92,62664.02,9.38,1161.5,1796
2023-12-03,479.28,62488.45,9.17,1168.3,1797
2023-12-04,474.91,63628.59,9.21,1153.22,1798
2023-12-05,482.62,63223.85,9.22,1164.22,1799
2023-12-06,479.93,63883.89,9.3,1160.63,1800
2023-12-07,480.04,65040.55,9.31,1150.39,1801
2023-12-08,477.35,63937.97,9.1,1173.21,1802
2023-12-09,477.45,64129.54,9.13,1177.97,1803
2023-12-10,479.92,63578.76,9.11,1169.56,1804
2023-12-11,476.46,63010.62,9.13,1149.08,1805
2023-12-12,480.63,62272.4,9.06,1170.22,1806
2023-12-13,478.43,64006.1,9.2,1187.43,1807
2023-12-14,484.14,62254.67,9.17,1165.56,1808
2023-12-15,480.3,62398.49,9.31,1129.71,1809
2023-12-16,478.71,63192.24,9.05,1183.97,1810
2023-12-17,476.9,63725.55,9.31,1159.09,1811
2023-12-18,482.13,64696.46,9.29,1142.59,1812
2023-12-19,476.19,63931.91,9.41,1162.47,1813
2023-12-20,479.9,64312.32,9.29,1157.78,1814
2023-12-21,484.02,61960.6,9.28,1188.18,1815
2023-12-22,481.38,62646.75,9.36,1141.05,1816
2023-12-23,479.77,65434.28,9.28,1170.92,1817
2023-12-24,477.56,65200.28,9.07,1155.88,1818
2023-12-25,478.95,63184.38,9.14,1176.18,1819
2023-12-26,485.73,63757.95,9.29,1151.56,1820
2023-12-27,481.49,62745.4,9.31,1173.07,1821
2023-12-28,481.96,63260.64,9.24,1151.69,1822
2023-12-29,487.24,62549.55,9.18,1151.16,1823
2023-12-30,483.28,63328.51,9.17,1166.65,1824
2023-12-31,482.44,64647.21,9.17,1141.72,1825
2024-01-01,479.27,63328.17,9.11,1174.65,1826
2024-01-02,479.59,62920.83,9.27,1160.24,1827
2024-01-03,486.89,63080.35,9.25,1135.34,1828
2024-01-04,478.37,63018.25,9.09,1148.5,1829
2024-01-05,482.32,64034.49,9.25,1173.5,1830
2024-01-06,480.31,62616.13,9.3,1174.75,1831
2024-01-07,484.04,63518.6,9.27,1186.63,1832
2024-01-08,481.51,62606.51,9.32,1180.9,1833
2024-01-09,486.82,63834.02,9.17,1170.35,1834
2024-01-10,485.54,62774.8,9.31,1196.45,1835
2024-01-11,484.87,63808.26,9.25,1172.28,1836
2024-01-12,482.51,63193.76,9.39,1162.19,1837
2024-01-13,480.2,64418.99,9.39,1144.54,1838
2024-01-14,484.64,64390.43,9.09,1162.45,1839
2024-01-15,481.59,64751.76,9.19,1173.32,1840
2024-01-16,481.39,63198.78,9.2,1153.99,1841
2024-01-17,483.17,64989.78,9.35,1170.15,1842
2024-01-18,486.52,64374.64,9.33,1174.04,1843
2024-01-19,484.33,63648.53,9.29,1141.63,1844
2024-01-20,491.47,60763.6,9.2,1172.85,1845
2024-01-21,487.27,64834.82,9.41,1153.25,1846
2024-01-22,485.68,63076.18,9.19,1208.12,1847
2024-01-23,484.42,63918.17,9.21,1145.84,1848
2024-01-24,485.89,64745.25,9.33,1151.44,1849
2024-01-25,484.4,64019.56,9.33,1175.02,1850
2024-01-26,484.89,64264.37,9.44,1166.0,1851
2024-01-27,482.16,64982.67,9.37,1176.98,1852
2024-01-28,485.32,64621.06,9.22,1153.0,1853
2024-01-29,485.1,66120.38,9.34,1161.21,1854
2024-01-30,484.16,63278.84,9.24,1145.32,1855
2024-01-31,484.24,62860.85,9.27,1160.03,1856
2024-02-01,484.13,63825.89,9.33,1176.33,1857
2024-02-02,479.4,64445.04,9.4,1136.53,1858
2024-02-03,485.99,64398.65,9.28,1180.29,1859
2024-02-04,486.73,64164.0,9.12,1149.31,1860
2024-02-05,489.03,62835.92,9.2,1149.9,1861
2024-02-06,488.38,63162.58,9.44,1168.41,1862
2024-02-07,486.26,65074.82,9.11,1167.57,1863
2024-02-08,487.62,64298.75,9.31,1167.79,1864
2024-02-09,484.48,63180.8,9.45,1193.11,1865
2024-02-10,484.83,63852.61,9.38,1157.11,1866
2024-02-11,485.69,63149.53,9.42,1215.23,1867
2024-02-12,485.08,63218.79,9.36,1177.81,1868
2024-02-13,485.59,63908.97,9.39,1160.99,1869
2024-02-14,481.38,64305.92,9.41,1186.14,1870
2024-02-15,484.52,64333.62,9.47,1139.7,1871
2024-02-16,488.8,64363.41,9.42,1185.9,1872
2024-02-17,489.08,62996.14,9.52,1172.67,1873
2024-02-18,482.1,63921.82,9.31,1185.92,1874
2024-02-19,492.14,62486.08,9.55,1182.6,1875
2024-02-20,489.58,62401.11,9.41,1176.63,1876
2024-02-21,488.77,64674.29,9.51,1188.34,1877
2024-02-22,489.73,64030.71,9.31,1175.79,1878
2024-02-23,486.93,64421.42,9.3,1163.61,1879
2024-02-24,493.44,65586.89,9.44,1173.6,1880
2024-02-25,491.17,65208.36,9.34,1152.86,1881
2024-02-26,484.9,64807.0,9.34,1193.85,1882
2024-02-27,488.77,64844.26,9.29,1151.46,1883
2024-02-28,487.92,66037.02,9.23,1189.47,1884
2024-02-29,486.18,64364.24,9.3,1176.24,1885
2024-03-01,484.17,63759.5,9.28,1204.07,1886
2024-03-02,494.2,63012.47,9.38,1201.1,1887
2024-03-03,487.05,63439.19,9.29,1180.7,1888
2024-03-04,494.84,64481.25,9.36,1196.14,1889
2024-03-05,492.17,64665.74,9.44,1179.1,1890
2024-03-06,487.08,64110.27,9.39,1185.59,1891
2024-03-07,486.29,64946.06,9.06,1176.12,1892
2024-03-08,489.49,65275.78,9.32,1156.79,1893
2024-03-09,493.96,65438.52,9.26,1212.67,1894
2024-03-10,489.51,63025.2,9.21,1187.23,1895
2024-03-11,487.96,66178.8,9.22,1179.96,1896
2024-03-12,494.0,64907.4,9.43,1160.98,1897
2024-03-13,489.17,63413.14,9.37,1198.06,1898
2024-03-14,492.05,63253.81,9.34,1180.3,1899
2024-03-15,488.52,62898.65,9.3,1176.17,1900
2024-03-16,494.73,63991.12,9.31,1192.7,1901
2024-03-17,487.12,64631.52,9.35,1186.14,1902
2024-03-18,491.94,65433.65,9.33,1156.68,1903
2024-03-19,487.48,64899.85,9.27,1172.82,1904
2024-03-20,489.5,63148.3,9.42,1195.54,1905
2024-03-21,497.01,64643.43,9.4,1181.0,1906
2024-03-22,486.72,64513.6,9.46,1215.72,1907
2024-03-23,493.28,64481.94,9.24,1166.37,1908
2024-03-24,488.72,65278.08,9.33,1166.51,1909
2024-03-25,490.96,62804.18,9.39,1144.16,1910
2024-03-26,489.49,64994.36,9.3,1180.87,1911
2024-03-27,495.74,63923.41,9.28,1172.41,1912
2024-03-28,495.83,63672.87,9.35,1196.77,1913
2024-03-29,489.01,64932.6,9.16,1185.8,1914
2024-03-30,493.22,63047.84,9.46,1174.53,1915
2024-03-31,489.94,64145.49,9.42,1177.56,1916
2024-04-01,491.53,64655.67,9.27,1173.88,1917
2024-04-02,497.05,64199.43,9.23,1184.19,1918
2024-04-03,489.11,64515.7,9.25,1184.02,1919
2024-04-04,492.48,63527.43,9.51,1166.92,1920
2024-04-05,494.76,64978.63,9.4,1205.42,1921
2024-04-06,489.53,64640.05,9.31,1201.99,1922
2024-04-07,489.53,62815.45,9.6,1180.8,1923
2024-04-08,491.03,64056.86,9.56,1200.12,1924
2024-04-09,492.44,65397.49,9.49,1188.92,1925
2024-04-10,494.31,62029.5,9.18,1155.57,1926
2024-04-11,492.61,64988.35,9.52,1169.88,1927
2024-04-12,494.62,64105.89,9.31,1170.06,1928
2024-04-13,494.71,64824.58,9.33,1192.79,1929
2024-04-14,488.64,63866.24,9.4,1181.1,1930
2024-04-15,493.68,64519.06,9.39,1185.44,1931
2024-04-16,495.82,64975.3,9.35,1206.24,1932
2024-04-17,492.72,63741.29,9.29,1204.59,1933
2024-04-18,494.0,64912.76,9.51,1200.34,1934
2024-04-19,488.07,63434.1,9.27,1197.35,1935
2024-04-20,496.28,64338.94,9.49,1223.43,1936
2024-04-21,497.77,65218.64,9.35,1181.26,1937
2024-04-22,498.79,64773.61,9.29,1201.55,1938
2024-04-23,490.9,65264.44,9.31,1172.56,1939
2024-04-24,491.52,63407.72,9.44,1185.64,1940
2024-04-25,494.57,65136.19,9.33,1196.3,1941
2024-04-26,494.0,65172.27,9.55,1222.27,1942
2024-04-27,493.8,65919.92,9.49,1175.86,1943
2024-04-28,499.61,64341.39,9.48,1182.59,1944
2024-04-29,490.68,65226.7,9.54,1192.56,1945
2024-04-30,492.49,65269.11,9.42,1181.77,1946
2024-05-01,495.5,63286.03,9.33,1189.21,1947
2024-05-02,499.82,63789.33,9.46,1201.12,1948
2024-05-03,491.03,63935.03,9.33,1187.5,1949
2024-05-04,493.77,66133.89,9.63,1194.35,1950
2024-05-05,496.5,65321.5,9.42,1213.74,1951
2024-05-06,496.86,63702.04,9.42,1170.76,1952
2024-05-07,494.64,64637.93,9.43,1206.25,1953
2024-05-08,494.12,64872.03,9.46,1195.46,1954
2024-05-09,497.16,65434.35,9.62,1196.02,1955
2024-05-10,495.64,63911.4,9.48,1178.17,1956
2024-05-11,489.86,64316.21,9.57,1212.58,1957
2024-05-12,496.17,63818.8,9.36,1176.39,1958
2024-05-13,490.9,64263.65,9.53,1182.61,1959
2024-05-14,494.26,64351.41,9.42,1197.39,1960
2024-05-15,497.84,63719.71,9.39,1206.45,1961
2024-05-16,498.62,64461.87,9.55,1199.27,1962
2024-05-17,496.61,64007.92,9.55,1192.11,1963
2024-05-18,498.12,65548.68,9.33,1198.66,1964
2024-05-19,494.96,63948.02,9.6,1208.29,1965
2024-05-20,496.95,65592.25,9.48,1205.37,1966
2024-05-21,496.26,65811.77,9.48,1193.05,1967
2024-05-22,491.47,64310.71,9.53,1206.96,1968
2024-05-23,496.26,64462.22,9.47,1188.09,1969
2024-05-24,498.19,64655.68,9.3,1207.95,1970
2024-05-25,501.17,65066.66,9.49,1205.88,1971
2024-05-26,499.66,65647.02,9.39,1229.57,1972
2024-05-27,493.71,64419.0,9.43,1199.46,1973
2024-05-28,504.67,65336.73,9.57,1187.75,1974
2024-05-29,497.61,63126.27,9.25,1198.57,1975
2024-05-30,499.08,63991.16,9.56,1195.01,1976
2024-05-31,497.04,63932.36,9.33,1212.03,1977
2024-06-01,493.77,65136.17,9.46,1216.14,1978
2024-06-02,498.16,64503.57,9.5,1208.7,1979
2024-06-03,496.23,66053.29,9.62,1200.64,1980
2024-06-04,494.08,65873.25,9.59,1171.64,1981
2024-06-05,500.04,66073.24,9.36,1186.14,1982
2024-06-06,497.86,65371.0,9.43,1187.54,1983
2024-06-07,500.94,65135.8,9.42,1193.71,1984
2024-06-08,498.3,65917.99,9.57,1197.5,1985
2024-06-09,499.78,64043.31,9.44,1232.46,1986
2024-06-10,500.64,64979.89,9.53,1206.56,1987
2024-06-11,497.47,66438.27,9.62,1199.56,1988
2024-06-12,502.72,64026.94,9.38,1204.83,1989
2024-06-13,499.03,63725.08,9.56,1191.42,1990
2024-06-14,499.86,64597.92,9.42,1224.47,1991
2024-06-15,500.31,63873.93,9.62,1176.39,1992
2024-06-16,499.31,64629.79,9.39,1172.79,1993
2024-06-17,498.7,65435.47,9.54,1165.16,1994
2024-06-18,500.21,64849.14,9.48,1204.59,1995
2024-06-19,502.28,65454.41,9.64,1182.6,1996
2024-06-20,501.83,65534.2,9.53,1168.92,1997
2024-06-21,496.51,64441.75,9.43,1200.91,1998
2024-06-22,505.1,63987.19,9.53,1220.91,1999
